Heat,Station,Entry,Event,Club,Athletes
1,1,#638,SRSE F 50+,Sunday Skippers,Claire George
1,2,#640,SRSE F 50+,Sunday Skippers,Valerie Smith
1,3,#635,SRSE F 50+,Cleveland Air Magic,Sharon Landy
1,4,#639,SRSE F 50+,Sunday Skippers,Sally Strohmayr
1,5,#637,SRSE F 50+,Sunday Skippers,Natalie Ker
1,6,#634,SRSE F 50+,Cleveland Air Magic,Carolyn Barker
1,7,#633,SRSE F 50+,Cleveland Air Magic,Luisa Southby
1,8,#636,SRSE F 50+,Cleveland Air Magic,Lisa Zambelli
1,9,#1088,SRSE F 40-49 (S),Hot Shots,Donna Lange
1,10,#1093,SRSE F 40-49 (S),Sunday Skippers,Melanie Naidoo
2,1,#1091,SRSE F 40-49 (S),St Lukes Leapers,Renee Pukallus
2,2,#1090,SRSE F 40-49 (S),Skipping New Zealand,Sacha INT-Willetts
2,3,#1089,SRSE F 40-49 (S),Hot Shots,Taryn Hodgson
2,4,#1092,SRSE F 40-49 (S),St Lukes Leapers,Shanna Bailey
2,5,#83,SRSE M 40+,St Lukes Leapers,Adam Harradine
2,6,#85,SRSE M 40+,Sunday Skippers,Sam Strohmayr
2,7,#84,SRSE M 40+,Sunday Skippers,Simon George
2,8,#82,SRSE M 40+,Cleveland Air Magic,Craig Gilbert
2,9,#81,SRSE M 40+,Bluebell Skippers,Russell Duncan
3,1,#628,SRSE F 30-39 (S),Cleveland Air Magic,Nicole Brown
3,2,#632,SRSE F 30-39 (S),Skipz,Ella Leyden
3,3,#631,SRSE F 30-39 (S),"Pumper Jumpers, Darwin",Emma Rowe
3,4,#629,SRSE F 30-39 (S),Cleveland Air Magic,Jackalyn Robba
3,5,#630,SRSE F 30-39 (S),Cleveland Air Magic,Sheree Bennett
3,6,#623,SRSE F 25-29,Cleveland Air Magic,Belle Charlesworth
3,7,#626,SRSE F 25-29,Katherine Independent Athletes,Kate Hinchliffe
3,8,#625,SRSE F 25-29,Cleveland Air Magic,Jessica Poon
3,9,#624,SRSE F 25-29,Cleveland Air Magic,Jaymee Gilbert
3,10,#627,SRSE F 25-29,Katherine Independent Athletes,Deborah Placidi
4,1,#73,SRSE F 20-24,Bluebell Skippers,Charlotte Garbutt
4,2,#76,SRSE F 20-24,Jazzy Jumpers,Anabelle Julias
4,3,#74,SRSE F 20-24,Bluebell Skippers,Ella Winstanley
4,4,#75,SRSE F 20-24,Jazzy Jumpers,Phoebe Bruhn
4,5,#78,SRSE F 20-24,King's Skipperoos,Jasmine Hawkins
4,6,#80,SRSE F 20-24,St George Skipping,Jacqueline Maskito
4,7,#79,SRSE F 20-24,Skipz,Serina Choy
4,8,#77,SRSE F 20-24,King's Skipperoos,Jordan Smith
4,9,#620,SRSE M 20-39 (S),Cleveland Air Magic,Luke Boon
4,10,#621,SRSE M 20-39 (S),Katherine Independent Athletes,James Elton-Pym
5,1,#622,SRSE M 20-39 (S),Northbridge Knockouts,Johnathan Fariel
5,2,#66,SRSE F 19 (S),Bluebell Skippers,Riley Winstanley
5,3,#70,SRSE F 19 (S),Northbridge Knockouts,Jacqueline Hunter
5,4,#67,SRSE F 19 (S),Cleveland Air Magic,Breeanna Townsend
5,5,#69,SRSE F 19 (S),Jazzy Jumpers,Grace Bucklar
5,6,#71,SRSE F 19 (S),St George Skipping,Bella Rigby
5,7,#72,SRSE F 19 (S),St George Skipping,Laura Madden
5,8,#68,SRSE F 19 (S),Cleveland Air Magic,Chloe Mol
6,1,#609,SRSE F 18 (S),Cleveland Air Magic,Gabrielle Mol
6,2,#614,SRSE F 18 (S),Jazzy Jumpers,Hope Bruhn
6,3,#610,SRSE F 18 (S),Cleveland Air Magic,Eden Ng
6,4,#618,SRSE F 18 (S),St George Skipping,Belinda Norman
6,5,#619,SRSE F 18 (S),TB Neckarhausen,Luna Sophie INT-..
6,6,#612,SRSE F 18 (S),Jazzy Jumpers,Wing Tsz Vangie L.
6,7,#613,SRSE F 18 (S),Jazzy Jumpers,Matilda Whyte
6,8,#616,SRSE F 18 (S),Skipz,Mary-Jane Hudson
6,9,#611,SRSE F 18 (S),Jazzy Jumpers,Kate Cheney
6,10,#617,SRSE F 18 (S),St George Skipping,Jacinda Zhang
7,1,#615,SRSE F 18 (S),"Pumper Jumpers, Darwin",Abbey Heron
7,2,#1169,SRSE F 17 (S),Jazzy Jumpers,Violet Nichols
7,3,#1171,SRSE F 17 (S),King's Skipperoos,Charlotte Mikkelson
7,4,#1170,SRSE F 17 (S),Jazzy Jumpers,Elodie Blot
7,5,#607,SRSE M 17-18 (S),St George Skipping,Ethan Cheng
7,6,#605,SRSE M 17-18 (S),Cleveland Air Magic,Maverick Larkin
7,7,#606,SRSE M 17-18 (S),Northbridge Knockouts,Nick Whitney
7,8,#608,SRSE M 17-18 (S),St George Skipping,Jesse Madden
7,9,#597,SRSE F 16 (S),Cleveland Air Magic,Louisa Mol
7,10,#601,SRSE F 16 (S),Northbridge Knockouts,Zaira McHutchison
8,1,#596,SRSE F 16 (S),Cleveland Air Magic,Ema Gould
8,2,#602,SRSE F 16 (S),Northbridge Knockouts,Charlotte Flinders
8,3,#603,SRSE F 16 (S),Northbridge Knockouts,Kimberly Wong
8,4,#604,SRSE F 16 (S),Skipz,Yvette Hoyne
8,5,#599,SRSE F 16 (S),Jazzy Jumpers,Georgia Dawson
8,6,#598,SRSE F 16 (S),Earnshaw Eagles,Isabella Roddick
8,7,#600,SRSE F 16 (S),King's Skipperoos,Addison Roughley
8,8,#589,SRSE F 15 (S),Cleveland Air Magic,Jasmine Johnson
8,9,#588,SRSE F 15 (S),Cleveland Air Magic,Freya Huston
8,10,#587,SRSE F 15 (S),Cleveland Air Magic,Ella Filmer
9,1,#592,SRSE F 15 (S),King's Skipperoos,Indiana (Indi) Braun
9,2,#591,SRSE F 15 (S),Jazzy Jumpers,Matisse Blot
9,3,#595,SRSE F 15 (S),Skipz,Ambrosia Borobokas
9,4,#594,SRSE F 15 (S),Skipz,Gabriela Fromberg
9,5,#593,SRSE F 15 (S),King's Skipperoos,Cindy Xie
9,6,#590,SRSE F 15 (S),Earnshaw Eagles,Lillie Templeton
9,7,#585,SRSE M 15-16 (S),Jazzy Jumpers,Myles Harley
9,8,#586,SRSE M 15-16 (S),Jazzy Jumpers,Cameron Whyte
9,9,#584,SRSE M 15-16 (S),Earnshaw Eagles,William Roddick
9,10,#583,SRSE M 15-16 (S),Cleveland Air Magic,Samuel Ng
10,1,#562,SRSE F 14 (S),Jazzy Jumpers,Ella Pratley
10,2,#579,SRSE F 14 (S),St George Skipping,Joanna Huang
10,3,#576,SRSE F 14 (S),St George Skipping,Cathy Yu
10,4,#559,SRSE F 14 (S),Crestmead Super Sonics,Mikayla Cooper
10,5,#564,SRSE F 14 (S),Jazzy Jumpers,Layla Flynn
10,6,#569,SRSE F 14 (S),Northbridge Knockouts,Jana Wong
10,7,#558,SRSE F 14 (S),Cleveland Air Magic,Danielle Faulkner
10,8,#575,SRSE F 14 (S),Skipz,Erin van Wijngaar..
10,9,#565,SRSE F 14 (S),Jazzy Jumpers,Keira Naden
10,10,#577,SRSE F 14 (S),St George Skipping,Kimberley Wu
11,1,#574,SRSE F 14 (S),"Pumper Jumpers, Darwin",Lily Pham
11,2,#568,SRSE F 14 (S),King's Skipperoos,Mackenzie Hoy
11,3,#573,SRSE F 14 (S),Northbridge Knockouts,Alannah Chappel
11,4,#566,SRSE F 14 (S),Jazzy Jumpers,Grace Gorrie
11,5,#578,SRSE F 14 (S),St George Skipping,Isabella Chen
11,6,#572,SRSE F 14 (S),Northbridge Knockouts,Stella Adam-Smith
11,7,#582,SRSE F 14 (S),St Lukes Leapers,Freya Bailey
11,8,#563,SRSE F 14 (S),Jazzy Jumpers,Haley O'Brien
11,9,#580,SRSE F 14 (S),St George Skipping,Martina Dimopoulos
12,1,#560,SRSE F 14 (S),Independant (WA),Yulia Tsz Yu Lee
12,2,#567,SRSE F 14 (S),Jazzy Jumpers,Sienna Tetu
12,3,#571,SRSE F 14 (S),Northbridge Knockouts,Jemima McHutchi
12,5,#570,SRSE F 14 (S),Northbridge Knockouts,Ciane Priddle
12,6,#995,SRSE F 13 (S),Northbridge Knockouts,Olivia Stone
12,7,#997,SRSE F 13 (S),St George Skipping,Milla Pingel
12,8,#998,SRSE F 13 (S),St George Skipping,Emma Donnelly
12,9,#993,SRSE F 13 (S),King's Skipperoos,Isobelle (Issy) Dul..
12,10,#988,SRSE F 13 (S),Crestmead Super Sonics,Peyton Rowley
13,1,#990,SRSE F 13 (S),Jazzy Jumpers,Aria Graham
13,2,#986,SRSE F 13 (S),Crestmead Super Sonics,Rosealie Schuck
13,3,#985,SRSE F 13 (S),Crestmead Super Sonics,Annabella Peters
13,4,#994,SRSE F 13 (S),King's Skipperoos,Olivia Janssen
13,5,#991,SRSE F 13 (S),Jazzy Jumpers,Aryana Pimm
13,6,#989,SRSE F 13 (S),Crestmead Super Sonics,Sophia Thao
13,7,#999,SRSE F 13 (S),St George Skipping,Imogen Chen
13,8,#992,SRSE F 13 (S),King's Skipperoos,Narla Blows
13,9,#996,SRSE F 13 (S),Skipz,Isla Engert
13,10,#987,SRSE F 13 (S),Crestmead Super Sonics,Willow Mackenzie
14,1,#554,SRSE M 13-14 (S),St George Skipping,Aidan Rabanal
14,2,#552,SRSE M 13-14 (S),Essington Hoppers,Flynn Naidoo
14,3,#551,SRSE M 13-14 (S),Earnshaw Eagles,Lewis Trebilco
14,4,#556,SRSE M 13-14 (S),St George Skipping,Ayden Koh
14,5,#550,SRSE M 13-14 (S),Cleveland Air Magic,Joel Ng
14,6,#555,SRSE M 13-14 (S),St George Skipping,Alfred Huang
14,7,#557,SRSE M 13-14 (S),St George Skipping,Kaden Donnelly
14,8,#553,SRSE M 13-14 (S),Jazzy Jumpers,Dominic Julias
15,1,#524,SRSE F 12 (S),Crestmead Super Sonics,Avana Tuatai
15,2,#523,SRSE F 12 (S),Cleveland Air Magic,Tylah McPherson
15,3,#538,SRSE F 12 (S),Northbridge Knockouts,Bronte Adam-Smith
15,4,#537,SRSE F 12 (S),Jazzy Jumpers,Layla Schroeter
15,5,#547,SRSE F 12 (S),St George Skipping,Indyra Kuckreja
15,6,#542,SRSE F 12 (S),Skipz,Emily van de Water
15,7,#545,SRSE F 12 (S),St George Skipping,Doris Liu
15,8,#543,SRSE F 12 (S),St George Skipping,Annalise Luk
15,9,#525,SRSE F 12 (S),Earnshaw Eagles,Eleanor Trebilco
15,10,#530,SRSE F 12 (S),Jazzy Jumpers,Clare Gorrie
16,1,#540,SRSE F 12 (S),"Pumper Jumpers, Darwin",Rosie Rheinberger
16,2,#529,SRSE F 12 (S),Hot Shots,Mae Yates
16,3,#532,SRSE F 12 (S),Jazzy Jumpers,Lux Jones
16,4,#546,SRSE F 12 (S),St George Skipping,Zoe Pham
16,5,#544,SRSE F 12 (S),St George Skipping,Talia Wu
16,6,#534,SRSE F 12 (S),Jazzy Jumpers,Priya Pratley
16,7,#528,SRSE F 12 (S),Hot Shots,Kaitlyn Kwok
16,8,#549,SRSE F 12 (S),St Lukes Leapers,Amelia Saxelby
16,9,#527,SRSE F 12 (S),Hot Shots,Evaline Ward
16,10,#548,SRSE F 12 (S),St Lukes Leapers,Chloe Bailey
17,1,#539,SRSE F 12 (S),Northbridge Knockouts,Nasudi Andres
17,2,#535,SRSE F 12 (S),Jazzy Jumpers,Lucy Stedman
17,3,#531,SRSE F 12 (S),Jazzy Jumpers,Sophia Ho
17,4,#526,SRSE F 12 (S),Hot Shots,Jenna Hentschel
17,5,#522,SRSE F 12 (S),Cleveland Air Magic,April Noble
17,6,#536,SRSE F 12 (S),Jazzy Jumpers,Lucy Duncan
17,7,#533,SRSE F 12 (S),Jazzy Jumpers,Holly Yu
17,8,#541,SRSE F 12 (S),Skipz,Amanda Zhang
17,9,#505,SRSE F 11 (S),Cleveland Air Magic,Frankie Dawkins
17,10,#507,SRSE F 11 (S),Hot Shots,Emily Skinner
18,1,#518,SRSE F 11 (S),"Pumper Jumpers, Darwin",Stella Hiroti
18,2,#506,SRSE F 11 (S),Essington Hoppers,Gabby Roos
18,3,#514,SRSE F 11 (S),Jazzy Jumpers,Maddison Prior
18,4,#510,SRSE F 11 (S),Hot Shots,Anna Turner
18,5,#512,SRSE F 11 (S),Jazzy Jumpers,Mia Buchanan
18,6,#511,SRSE F 11 (S),Jazzy Jumpers,Lingxi Zhao
18,7,#515,SRSE F 11 (S),Jazzy Jumpers,Sophie O'Brien
18,8,#517,SRSE F 11 (S),King's Skipperoos,Alexis Janssen
18,9,#513,SRSE F 11 (S),Jazzy Jumpers,Charlie Rose McM.
18,10,#516,SRSE F 11 (S),Jazzy Jumpers,Jaimee Shaw
19,1,#509,SRSE F 11 (S),Hot Shots,Chloe Geeves
19,2,#508,SRSE F 11 (S),Hot Shots,Sophie Macgregor
19,3,#1080,SRSE M 12 (S),Hot Shots,Jack Johnson
19,4,#1081,SRSE M 12 (S),Northbridge Knockouts,Alfie Newham
19,5,#1082,SRSE M 12 (S),Skipz,Harry Wilkerson
19,6,#1084,SRSE M 12 (S),St George Skipping,Lachlan Hales
19,7,#1083,SRSE M 12 (S),St George Skipping,Owen Hales
19,8,#1086,SRSE M 12 (S),St Lukes Leapers,Oliver Hallett
19,9,#1087,SRSE M 12 (S),St Lukes Leapers,Zachary Harradine
19,10,#1085,SRSE M 12 (S),St Lukes Leapers,Daniel Cook
20,1,#519,SRSE M 11 (S),Cleveland Air Magic,Nate Daunis
20,2,#520,SRSE M 11 (S),King's Skipperoos,Kalani Ah Tong
20,3,#521,SRSE M 11 (S),St Lukes Leapers,Eli Simpson
22,1,#730,SRSS F 10 (S),"Pumper Jumpers, Darwin",Sylvie Tierney
22,2,#723,SRSS F 10 (S),Hot Shots,Isabella Shepherd
22,3,#728,SRSS F 10 (S),"Pumper Jumpers, Darwin",Violet Hiroti
22,4,#716,SRSS F 10 (S),Cleveland Air Magic,Charli Rowberry
22,5,#717,SRSS F 10 (S),Cleveland Air Magic,Evie Brown
22,6,#733,SRSS F 10 (S),St George Skipping,Aria Liu
22,7,#732,SRSS F 10 (S),Skipz,Allegra Barnett
22,8,#729,SRSS F 10 (S),"Pumper Jumpers, Darwin",Jiva Thomas
22,9,#722,SRSS F 10 (S),Hot Shots,Lucy Wheeler
22,10,#727,SRSS F 10 (S),Katherine Croc Jumpers,Tiana Hewitt
23,1,#721,SRSS F 10 (S),Essington Hoppers,Mya Bullen
23,2,#719,SRSS F 10 (S),Cleveland Air Magic,Poppy Duthie
23,3,#726,SRSS F 10 (S),Jazzy Jumpers,Adeline Kenyon
23,4,#724,SRSS F 10 (S),Jazzy Jumpers,Heidi Jones
23,5,#725,SRSS F 10 (S),Jazzy Jumpers,Evie Pratley
23,6,#718,SRSS F 10 (S),Cleveland Air Magic,Charlotte Liddle
23,7,#731,SRSS F 10 (S),"Pumper Jumpers, Darwin",Isla Sargent
23,8,#720,SRSS F 10 (S),Earnshaw Eagles,Avneet Sohal
23,9,#1198,SRSS M 10 (S),Katherine Croc Jumpers,Patrick Hughes
23,10,#1199,SRSS M 10 (S),St George Skipping,Christopher Huang
24,1,#1197,SRSS M 10 (S),Jazzy Jumpers,Morgan Harley
24,2,#1200,SRSS M 10 (S),St George Skipping,Kingsley Zhao
24,3,#1201,SRSS M 10 (S),St Lukes Leapers,Slater Pukallus
24,4,#100,SRSS F 9 (S),"Pumper Jumpers, Darwin",Milly Carter
24,5,#101,SRSS F 9 (S),Skipz,Luella Engert
24,6,#94,SRSS F 9 (S),Bluebell Skippers,Delphi Schroeter
24,7,#98,SRSS F 9 (S),Katherine Croc Jumpers,Mahalia Adu
24,8,#97,SRSS F 9 (S),Hot Shots,Olivia Musumeci
24,9,#95,SRSS F 9 (S),Earnshaw Eagles,Ivy Erskine
24,10,#99,SRSS F 9 (S),Northbridge Knockouts,Daisy Newham
25,1,#96,SRSS F 9 (S),Hot Shots,Olivia Geeves
25,2,#1192,SRSS M 9 (S),King's Skipperoos,Daniel Xie
25,3,#1194,SRSS M 9 (S),St George Skipping,Hayden Pham
25,4,#1191,SRSS M 9 (S),King's Skipperoos,Jasper Hu
25,5,#1196,SRSS M 9 (S),St Lukes Leapers,Oliver Poole
25,6,#1193,SRSS M 9 (S),St George Skipping,Vance Wu
25,7,#1190,SRSS M 9 (S),Jazzy Jumpers,Edison Kenyon
25,8,#1195,SRSS M 9 (S),St George Skipping,Isaac Chen
26,1,#710,SRSS F 8,Hot Shots,Elise Turner
26,2,#711,SRSSF 8,Jazzy Jumpers,Aivy Liu
26,3,#706,SRSS F 8,Cleveland Air Magic,Blair Dawkins
26,4,#714,SRSS F 8,"Pumper Jumpers, Darwin",Isabella Brice
26,5,#708,SRSS F 8,Cleveland Air Magic,Mackenzie Rowberry
26,6,#713,SRSSF 8,"Pumper Jumpers, Darwin",Charlotte Story
26,7,#712,SRSSF 8,King's Skipperoos,Kokoa Ah Tong
26,8,#707,SRSSF 8,Cleveland Air Magic,Matilda Brown
26,9,#715,SRSS F 8,St Lukes Leapers,Evelyn Simpson
26,10,#709,SRSSF 8,Earnshaw Eagles,Reeya Sohal
27,1,#1117,SRSS M 8,Hot Shots,Calvin Thomas
27,2,#1118,SRSS M 8,Katherine Croc Jumpers,Quintin Adu
27,3,#1120,SRSS M 8,King's Skipperoos,TJ Li
27,4,#1116,SRSS M 8,Hot Shots,Bastien Ward
27,5,#1119,SRSS M 8,Katherine Croc Jumpers,Lucas Magee
27,6,#1121,SRSS M 8,St Lukes Leapers,Fletcher Harradine
27,7,#703,SRSS F 7 and under,Jazzy Jumpers,Isabel Buchanan
27,8,#705,SRSS F 7 and under,"Pumper Jumpers, Darwin",Lily Mae Evans
27,9,#702,SRSS F 7 and under,Hot Shots,Amity Morton
27,10,#704,SRSS F 7 and under,Jazzy Jumpers,Chloe Prior
28,1,#701,SRSS F 7 and under,Cleveland Air Magic,Laylah Liddle
28,2,#1113,SRSS M 7 and under,Hot Shots,Leo Musumeci
28,3,#1115,SRSS M 7 and under,St George Skipping,Irvin Chen
28,4,#1114,SRSS M 7 and under,Katherine Croc Jumpers,David Hughes
31,1,#1042,DDSF F 11-12,St George Skipping,Annalise Luk / Zoe Pham / Talia Wu
31,2,#167,DDSF X 11-12,Skipz,Emily van de Water / Harry Wilkerson / Amanda Zhang
32,1,#1040,DDSF F 11-12,Jazzy Jumpers,Sophie O'Brien / Layla Schroeter / Lucy Stedman
32,2,#1246,DDSF X 11-12,St Lukes Leapers,Daniel Cook / Oliver Hallett / Eli Simpson
33,1,#1038,DDSF F 11-12,Hot Shots,Chloe Geeves / Kaitlyn Kwok / Emily Skinner
33,2,#165,DDSF X 11-12,Cleveland Air Magic,Nate Daunis / Tylah McPherson / April Noble
34,1,#1041,DDSF F 11-12,Jazzy Jumpers,Clare Gorrie / Maddison Prior / Lingxi Zhao
34,2,#166,DDSF X 11-12,Hot Shots,Jack Johnson / Anna Turner / Evaline Ward
35,1,#1039,DDSF F 11-12,Jazzy Jumpers,Mia Buchanan / Lucy Duncan / Priya Pratley
35,2,#163,DDSF X 12-15,Jazzy Jumpers,Layla Flynn / Dominic Julias / Haley O'Brien
36,1,#939,DDSF F 12-15,Crestmead Super Sonics,Gabrielle Kanoyan... / Peyton Rowley / Avana Tuatai
36,2,#162,DDSF X 12-15,Cleveland Air Magic,Danielle Faulkner / Freya Huston / Joel Ng
37,1,#938,DDSF F 12-15,Crestmead Super Sonics,Mikayla Cooper / Annabella Peters / Rosealie Schuck
37,2,#164,DDSF X 12-15,St Lukes Leapers,Chloe Bailey / Freya Bailey / Zachary Harradine
38,1,#941,DDSF F 12-15,Jazzy Jumpers,Keira Naden
38,2,#160,DDSF X 16+ (allow younger),Northbridge Knockouts,Charlotte Flinders
39,1,#943,DDSF F 12-15,King's Skipperoos,Indiana (Indi) Braun / Mackenzie Hoy / Cindy Xie
39,2,#158,DDSF X 16+ (allow younger),Jazzy Jumpers,Grace Bucklar / Kate Cheney / Myles Harley
40,1,#944,DDSF F 12-15,King's Skipperoos,Narla Blows / Isobelle (Issy) Dul... / Olivia Janssen
40,2,#157,DDSF X 16+ (allow younger),Earnshaw Eagles,Isabella Roddick / William Roddick / Lillie Templeton
41,1,#946,DDSF F 12-15,Northbridge Knockouts,Stella Adam-Smith / Ciane Priddle / Jana Wong
41,2,#156,DDSF X 16+ (allow younger),Cleveland Air Magic,Ema Gould / Samuel Ng / Breeanna Townsend
42,1,#945,DDSF F 12-15,Northbridge Knockouts,Alannah Chappel / Jemima McHutchi... / Olivia Stone
42,2,#155,DDSF X 16+ (allow younger),Cleveland Air Magic,Luke Boon / Belle Charlesworth / Maverick Larkin
43,1,#942,DDSF F 12-15,Jazzy Jumpers,Madeline Buchanan / Grace Gorrie / Aria Graham
43,2,#159,DDSF X 16+ (allow younger),Jazzy Jumpers,Wing Tsz Vangie L... / Cameron Whyte / Matilda Whyte
44,1,#937,DDSF F 12-15,Crestmead Super Sonics,Willow Mackenzie / Grace Thao / Sophia Thao
44,2,#161,DDSF X 16+ (allow younger),St George Skipping,Ethan Cheng / Jesse Madden / Belinda Norman
45,1,#940,DDSF F 12-15,Jazzy Jumpers,Sophia Ho / Aryana Pimm / Holly Yu
45,2,#170,DDSF60 F 9-10,Hot Shots,Olivia Geeves / Amity Morton / Lucy Wheeler
46,1,#15,DDSF F 16+ (allow younger),Skipz,Serina Choy
46,2,#172,DDSF60 F 9-10,Jazzy Jumpers,Isabel Buchanan
47,1,#10,DDSF F 16+ (allow younger),Cleveland Air Magic,Ava Huston / Jasmine Johnson / Louisa Mol
47,2,#171,DDSF60 F 9-10,Hot Shots,Olivia Musumeci / Isabella Shepherd. / Elise Turner
48,1,#13,DDSF F 16+ (allow younger),Jazzy Jumpers,Elodie Blot / Matisse Blot / Anabelle Julias
48,2,#169,DDSF60 F 9-10,Cleveland Air Magic,Evie Brown / Poppy Duthie / Charli Rowberry
49,1,#14,DDSF F 16+ (allow younger),Skipz,Ambrosia Borobokas / Mary-Jane Hudson / Erin van Wijngaar...
49,2,#168,DDSF60 F 9-10,Cleveland Air Magic,Matilda Brown / Charlotte Liddle / Mackenzie Rowberry
50,1,#16,DDSF F 16+ (allow younger),St George Skipping,Laura Madden / Serena Maskito / Rebekah Norman
50,2,#1148,DDSF60 X 9-10,St Lukes Leapers,Fletcher Harradine / Oliver Poole / Evelyn Simpson
51,1,#12,DDSF F 16+ (allow younger),Cleveland Air Magic,Ella Filmer / Victoria Howgate / Eden Ng
51,2,#1147,DDSF60 X 9-10,Jazzy Jumpers,Morgan Harley / Heidi Jones / Adeline Kenyon
52,1,#9,DDSF F 16+ (allow younger),Bluebell Skippers,Charlotte Garbutt / Ella Winstanley / Riley Winstanley
53,1,#11,DDSF F 16+ (allow younger),Cleveland Air Magic,Emma Jackson
56,1,#417,SRIF60 F 7 and under,"Pumper Jumpers, Darwin",Lily Mae Evans
56,2,#1067,SRIF60 M 7 and under,Katherine Croc Jumpers,David Hughes
57,1,#414,SRIF60 F 7 and under,Hot Shots,Amity Morton
57,2,#1066,SRIF60 M 7 and under,Hot Shots,Leo Musumeci
58,1,#413,SRIF60 F 7 and under,Cleveland Air Magic,Laylah Liddle
58,2,#1068,SRIF60 M 7 and under,St George Skipping,Irvin Chen
59,1,#416,SRIF60 F 7 and under,Jazzy Jumpers,Chloe Prior
59,2,#1072,SRIF60 M 8,Katherine Croc Jumpers,Quintin Adu
60,1,#415,SRIF60 F 7 and under,Jazzy Jumpers,Isabel Buchanan
60,2,#1073,SRIF60 M 8,King's Skipperoos,TJ Li
61,1,#424,SRIF60 F 8,"Pumper Jumpers, Darwin",Charlotte Story
61,2,#1069,SRIF60 M 8,Hot Shots,Calvin Thomas
62,1,#421,SRIF60 F 8,Hot Shots,Elise Turner
62,2,#1071,SRIF60 M 8,Katherine Croc Jumpers,Lucas Magee
63,1,#422,SRIF60 F 8,Jazzy Jumpers,Aivy Liu
63,2,#1074,SRIF60 M 8,St Lukes Leapers,Fletcher Harradine
64,1,#423,SRIF60 F 8,King's Skipperoos,Kokoa Ah Tong
64,2,#1070,SRIF60 M 8,Hot Shots,Bastien Ward
65,1,#420,SRIF60 F 8,Cleveland Air Magic,Matilda Brown
66,1,#418,SRIF60 F 8,Cleveland Air Magic,Mackenzie Rowberry
67,1,#419,SRIF60 F 8,Cleveland Air Magic,Blair Dawkins
70,1,#872,SRSS F 50+,Sunday Skippers,Natalie Ker
70,2,#874,SRSS F 50+,Sunday Skippers,Claire George
70,3,#868,SRSS F 50+,Cleveland Air Magic,Carolyn Barker
70,4,#870,SRSS F 50+,Cleveland Air Magic,Lisa Zambelli
70,5,#871,SRSS F 50+,Sunday Skippers,Valerie Smith
70,6,#869,SRSS F 50+,Cleveland Air Magic,Luisa Southby
70,7,#873,SRSS F 50+,Sunday Skippers,Sally Strohmayr
70,8,#867,SRSS F 50+,Cleveland Air Magic,Sharon Landy
70,9,#1135,SRSS F 40-49 (S),Sunday Skippers,Melanie Naidoo
70,10,#1133,SRSS F 40-49 (S),St Lukes Leapers,Shanna Bailey
71,1,#1130,SRSS F 40-49 (S),Hot Shots,Taryn Hodgson
71,2,#1132,SRSS F 40-49 (S),Skipping New Zealand,Sacha INT-Willetts
71,3,#1134,SRSS F 40-49 (S),St Lukes Leapers,Renee Pukallus
71,4,#1131,SRSS F 40-49 (S),Hot Shots,Donna Lange
71,5,#125,SRSS M 40+,Sunday Skippers,Sam Strohmayr
71,6,#123,SRSS M 40+,Cleveland Air Magic,Craig Gilbert
71,7,#126,SRSS M 40+,Sunday Skippers,Simon George
71,8,#122,SRSS M 40+,Bluebell Skippers,Russell Duncan
71,9,#124,SRSS M 40+,St Lukes Leapers,Adam Harradine
71,10,#865,SRSS F 30-39 (S),"Pumper Jumpers, Darwin",Emma Rowe
72,1,#864,SRSS F 30-39 (S),Cleveland Air Magic,Nicole Brown
72,2,#862,SRSS F 30-39 (S),Cleveland Air Magic,Jackalyn Robba
72,3,#863,SRSS F 30-39 (S),Cleveland Air Magic,Sheree Bennett
72,4,#866,SRSS F 30-39 (S),Skipz,Ella Leyden
72,5,#861,SRSS F 25-29,Katherine Independent Athletes,Kate Hinchliffe
72,6,#858,SRSS F 25-29,Cleveland Air Magic,Jessica Poon
72,7,#859,SRSS F 25-29,Cleveland Air Magic,Belle Charlesworth
72,8,#857,SRSS F 25-29,Cleveland Air Magic,Jaymee Gilbert
72,9,#860,SRSS F 25-29,Katherine Independent Athletes,Deborah Placidi
73,1,#121,SRSS F 20-24,St George Skipping,Rebekah Norman
73,2,#119,SRSS F 20-24,St George Skipping,Serena Maskito
73,3,#118,SRSS F 20-24,Skipz,Serina Choy
73,4,#115,SRSS F 20-24,Jazzy Jumpers,Anabelle Julias
73,5,#113,SRSS F 20-24,Hot Shots,Alyse Plint
73,6,#110,SRSS F 20-24,Bluebell Skippers,Charlotte Garbutt
73,7,#112,SRSS F 20-24,Cleveland Air Magic,Emma Jackson
73,8,#117,SRSS F 20-24,King's Skipperoos,Jasmine Hawkins
73,9,#114,SRSS F 20-24,Jazzy Jumpers,Phoebe Bruhn
73,10,#111,SRSS F 20-24,Bluebell Skippers,Ella Winstanley
74,1,#116,SRSS F 20-24,King's Skipperoos,Jordan Smith
74,2,#120,SRSS F 20-24,St George Skipping,Jacqueline Maskito
74,3,#856,SRSS M 20-39 (S),Northbridge Knockouts,Johnathan Fariel
74,4,#854,SRSS M 20-39 (S),Cleveland Air Magic,Luke Boon
74,5,#855,SRSS M 20-39 (S),Katherine Independent Athletes,James Elton-Pym
74,6,#106,SRSS F 19 (S),Northbridge Knockouts,Jacqueline Hunter
74,7,#102,SRSS F 19 (S),Bluebell Skippers,Riley Winstanley
74,8,#108,SRSS F 19 (S),St George Skipping,Bella Rigby
74,9,#104,SRSS F 19 (S),Cleveland Air Magic,Breeanna Townsend
74,10,#109,SRSS F 19 (S),St George Skipping,Laura Madden
75,1,#103,SRSS F 19 (S),Cleveland Air Magic,Chloe Mol
75,2,#107,SRSS F 19 (S),"Pumper Jumpers, Darwin",Ruby Joswig
75,3,#105,SRSS F 19 (S),Jazzy Jumpers,Grace Bucklar
75,4,#844,SRSS F 18 (S),Cleveland Air Magic,Eden Ng
75,5,#850,SRSS F 18 (S),Skipz,Mary-Jane Hudson
75,6,#848,SRSS F 18 (S),Jazzy Jumpers,Wing Tsz Vangie L.
75,7,#849,SRSS F 18 (S),"Pumper Jumpers, Darwin",Abbey Heron
75,8,#851,SRSS F 18 (S),St George Skipping,Jacinda Zhang
75,9,#842,SRSS F 18 (S),Cleveland Air Magic,Ava Huston
75,10,#845,SRSS F 18 (S),Jazzy Jumpers,Hope Bruhn
76,1,#846,SRSS F 18 (S),Jazzy Jumpers,Kate Cheney
76,2,#853,SRSS F 18 (S),TB Neckarhausen,Luna Sophie INT-..
76,3,#847,SRSS F 18 (S),Jazzy Jumpers,Matilda Whyte
76,4,#843,SRSS F 18 (S),Cleveland Air Magic,Gabrielle Mol
76,5,#852,SRSS F 18 (S),St George Skipping,Belinda Norman
76,6,#1202,SRSS F 17 (S),Jazzy Jumpers,Violet Nichols
76,7,#1203,SRSS F 17 (S),Jazzy Jumpers,Elodie Blot
76,8,#1204,SRSS F 17 (S),King's Skipperoos,Charlotte Mikkelson
77,1,#839,SRSS M 17-18 (S),Northbridge Knockouts,Nick Whitney
77,2,#841,SRSS M 17-18 (S),St George Skipping,Jesse Madden
77,3,#840,SRSS M 17-18 (S),St George Skipping,Ethan Cheng
77,4,#838,SRSS M 17-18 (S),Cleveland Air Magic,Maverick Larkin
77,5,#837,SRSS F 16 (S),Skipz,Yvette Hoyne
77,6,#831,SRSS F 16 (S),Earnshaw Eagles,Isabella Roddick
77,7,#835,SRSS F 16 (S),Northbridge Knockouts,Charlotte Flinders
77,8,#833,SRSS F 16 (S),King's Skipperoos,Addison Roughley
77,9,#836,SRSS F 16 (S),Northbridge Knockouts,Zaira McHutchison
77,10,#829,SRSS F 16 (S),Cleveland Air Magic,Ema Gould
78,1,#834,SRSS F 16 (S),Northbridge Knockouts,Kimberly Wong
78,2,#832,SRSS F 16 (S),Jazzy Jumpers,Georgia Dawson
78,3,#830,SRSS F 16 (S),Cleveland Air Magic,Louisa Mol
78,4,#825,SRSS F 15 (S),King's Skipperoos,Cindy Xie
78,5,#828,SRSS F 15 (S),Skipz,Ambrosia Borobokas
78,6,#820,SRSS F 15 (S),Cleveland Air Magic,Freya Huston
78,7,#823,SRSS F 15 (S),Earnshaw Eagles,Lillie Templeton
78,8,#822,SRSS F 15 (S),Cleveland Air Magic,Jasmine Johnson
78,9,#821,SRSS F 15 (S),Cleveland Air Magic,Victoria Howgate
78,10,#819,SRSS F 15 (S),Cleveland Air Magic,Ella Filmer
79,1,#824,SRSS F 15 (S),Jazzy Jumpers,Matisse Blot
79,2,#827,SRSS F 15 (S),Skipz,Gabriela Fromberg
79,3,#826,SRSS F 15 (S),King's Skipperoos,Indiana (Indi) Braun
79,4,#815,SRSS M 15-16 (S),Earnshaw Eagles,William Roddick
79,5,#814,SRSS M 15-16 (S),Cleveland Air Magic,Samuel Ng
79,6,#818,SRSS M 15-16 (S),St George Skipping,Zachary Lee
79,7,#816,SRSS M 15-16 (S),Jazzy Jumpers,Cameron Whyte
79,8,#817,SRSS M 15-16 (S),Jazzy Jumpers,Myles Harley
80,1,#798,SRSS F 14 (S),King's Skipperoos,Mackenzie Hoy
80,3,#812,SRSS F 14 (S),St George Skipping,Joanna Huang
80,4,#796,SRSS F 14 (S),Jazzy Jumpers,Ella Pratley
80,5,#804,SRSS F 14 (S),"Pumper Jumpers, Darwin",Lily Pham
80,6,#788,SRSS F 14 (S),Crestmead Super Sonics,Mikayla Cooper
80,7,#800,SRSS F 14 (S),Northbridge Knockouts,Alannah Chappel
80,8,#803,SRSS F 14 (S),Northbridge Knockouts,Jana Wong
80,9,#811,SRSS F 14 (S),St George Skipping,Kimberley Wu
80,10,#801,SRSS F 14 (S),Northbridge Knockouts,Jemima McHutchi...
81,1,#795,SRSS F 14 (S),Jazzy Jumpers,Keira Naden
81,2,#790,SRSS F 14 (S),Independant (WA),Yulia Tsz Yu Lee
81,3,#808,SRSS F 14 (S),St George Skipping,Martina Dimopoulos
81,4,#806,SRSS F 14 (S),Skipz,Erin van Wijngaar..
81,5,#787,SRSS F 14 (S),Cleveland Air Magic,Danielle Faulkner
81,6,#793,SRSS F 14 (S),Jazzy Jumpers,Madeline Buchanan
81,7,#809,SRSS F 14 (S),St George Skipping,Isabella Chen
81,8,#794,SRSS F 14 (S),Jazzy Jumpers,Haley O'Brien
81,9,#789,SRSS F 14 (S),Crestmead Super Sonics,Gabrielle Kanoyan
81,10,#792,SRSS F 14 (S),Jazzy Jumpers,Sienna Tetu
82,1,#805,SRSS F 14 (S),"Pumper Jumpers, Darwin",Phillippa Waters
82,2,#791,SRSS F 14 (S),Jazzy Jumpers,Grace Gorrie
82,3,#802,SRSS F 14 (S),Northbridge Knockouts,Ciane Priddle
82,4,#813,SRSS F 14 (S),St Lukes Leapers,Freya Bailey
82,5,#797,SRSS F 14 (S),Jazzy Jumpers,Layla Flynn
82,6,#807,SRSS F 14 (S),St George Skipping,Cathy Yu
82,7,#799,SRSS F 14 (S),Northbridge Knockouts,Stella Adam-Smith
82,8,#1014,SRSS F 13 (S),Jazzy Jumpers,Aria Graham
82,9,#1015,SRSS F 13 (S),Jazzy Jumpers,Aryana Pimm
82,10,#1021,SRSS F 13 (S),St George Skipping,Emma Donnelly
83,1,#1016,SRSS F 13 (S),King's Skipperoos,Isobelle (Issy) Dul
83,2,#1018,SRSS F 13 (S),King's Skipperoos,Olivia Janssen
83,3,#1019,SRSS F 13 (S),Northbridge Knockouts,Olivia Stone
83,4,#1010,SRSS F 13 (S),Crestmead Super Sonics,Willow Mackenzie
83,5,#1012,SRSS F 13 (S),Crestmead Super Sonics,Sophia Thao
83,6,#1011,SRSS F 13 (S),Crestmead Super Sonics,Rosealie Schuck
83,7,#1024,SRSS F 13 (S),St George Skipping,Imogen Chen
83,8,#1020,SRSS F 13 (S),Skipz,Isla Engert
83,9,#1023,SRSS F 13 (S),St George Skipping,Milla Pingel
83,10,#1013,SRSS F 13 (S),Crestmead Super Sonics,Peyton Rowley
84,1,#1008,SRSS F 13 (S),Crestmead Super Sonics,Annabella Peters
84,2,#1009,SRSS F 13 (S),Crestmead Super Sonics,Grace Thao
84,3,#1017,SRSS F 13 (S),King's Skipperoos,Narla Blows
84,4,#1022,SRSS F 13 (S),St George Skipping,Annabelle Lee
84,5,#786,SRSS M 13-14 (S),St George Skipping,Ayden Koh
84,6,#781,SRSS M 13-14 (S),Essington Hoppers,Flynn Naidoo
84,7,#782,SRSS M 13-14 (S),Jazzy Jumpers,Dominic Julias
84,8,#779,SRSS M 13-14 (S),Cleveland Air Magic,Joel Ng
84,9,#780,SRSS M 13-14 (S),Earnshaw Eagles,Lewis Trebilco
84,10,#784,SRSS M 13-14 (S),St George Skipping,Kaden Donnelly
85,1,#783,SRSS M 13-14 (S),St George Skipping,Alfred Huang
85,2,#785,SRSS M 13-14 (S),St George Skipping,Aidan Rabanal
85,3,#1124,SRSS M 12 (S),Skipz,Harry Wilkerson
85,4,#1128,SRSS M 12 (S),St Lukes Leapers,Zachary Harradine
85,5,#1129,SRSS M 12 (S),St Lukes Leapers,Oliver Hallett
85,6,#1127,SRSS M 12 (S),St Lukes Leapers,Daniel Cook
85,7,#1122,SRSS M 12 (S),Hot Shots,Jack Johnson
85,8,#1123,SRSS M 12 (S),Northbridge Knockouts,Alfie Newham
85,9,#1126,SRSS M 12 (S),St George Skipping,Owen Hales
85,10,#1125,SRSS M 12 (S),St George Skipping,Lachlan Hales
86,1,#769,SRSS F 12 (S),"Pumper Jumpers, Darwin",Rosie Rheinberger
86,2,#757,SRSS F 12 (S),Hot Shots,Jenna Hentschel
86,3,#751,SRSS F 12 (S),Cleveland Air Magic,April Noble
86,4,#776,SRSS F 12 (S),St George Skipping,Indyra Kuckreja
86,5,#766,SRSS F 12 (S),Jazzy Jumpers,Lucy Duncan
86,6,#774,SRSS F 12 (S),St George Skipping,Zoe Pham
86,7,#763,SRSS F 12 (S),Jazzy Jumpers,Layla Schroeter
86,8,#755,SRSS F 12 (S),Hot Shots,Mae Yates
86,9,#760,SRSS F 12 (S),Jazzy Jumpers,Sophia Ho
86,10,#765,SRSS F 12 (S),Jazzy Jumpers,Lucy Stedman
87,1,#772,SRSS F 12 (S),St George Skipping,Doris Liu
87,2,#753,SRSS F 12 (S),Crestmead Super Sonics,Avana Tuatai
87,3,#758,SRSS F 12 (S),Hot Shots,Kaitlyn Kwok
87,4,#761,SRSS F 12 (S),Jazzy Jumpers,Holly Yu
87,5,#752,SRSS F 12 (S),Cleveland Air Magic,Tylah McPherson
87,6,#770,SRSS F 12 (S),Skipz,Amanda Zhang
87,7,#767,SRSS F 12 (S),Northbridge Knockouts,Nasudi Andres
87,8,#775,SRSS F 12 (S),St George Skipping,Annalise Luk
87,9,#754,SRSS F 12 (S),Earnshaw Eagles,Eleanor Trebilco
87,10,#778,SRSS F 12 (S),St Lukes Leapers,Amelia Saxelby
88,1,#759,SRSS F 12 (S),Jazzy Jumpers,Lux Jones
88,2,#773,SRSS F 12 (S),St George Skipping,Talia Wu
88,3,#756,SRSS F 12 (S),Hot Shots,Evaline Ward
88,4,#768,SRSS F 12 (S),Northbridge Knockouts,Bronte Adam-Smith
88,5,#762,SRSS F 12 (S),Jazzy Jumpers,Clare Gorrie
88,6,#777,SRSS F 12 (S),St Lukes Leapers,Chloe Bailey
88,7,#764,SRSS F 12 (S),Jazzy Jumpers,Priya Pratley
88,8,#771,SRSS F 12 (S),Skipz,Emily van de Water
88,9,#747,SRSS F 11 (S),"Pumper Jumpers, Darwin",Stella Hiroti
88,10,#740,SRSS F 11 (S),Jazzy Jumpers,Sophie O'Brien
89,1,#744,SRSS F 11 (S),Jazzy Jumpers,Lingxi Zhao
89,2,#736,SRSS F 11 (S),Hot Shots,Emily Skinner
89,3,#735,SRSS F 11 (S),Essington Hoppers,Gabby Roos
89,4,#742,SRSS F 11 (S),Jazzy Jumpers,Jaimee Shaw
89,5,#738,SRSS F 11 (S),Hot Shots,Sophie Macgregor
89,6,#745,SRSS F 11 (S),Jazzy Jumpers,Charlie Rose McM
89,7,#734,SRSS F 11 (S),Cleveland Air Magic,Frankie Dawkins
89,8,#737,SRSS F 11 (S),Hot Shots,Anna Turner
89,9,#741,SRSS F 11 (S),Jazzy Jumpers,Maddison Prior
89,10,#746,SRSS F 11 (S),King's Skipperoos,Alexis Janssen
90,1,#743,SRSS F 11 (S),Jazzy Jumpers,Mia Buchanan
90,2,#739,SRSS F 11 (S),Hot Shots,Chloe Geeves
90,3,#750,SRSS M 11 (S),St Lukes Leapers,Eli Simpson
90,4,#749,SRSS M 11 (S),King's Skipperoos,Kalani Ah Tong
90,5,#748,SRSS M 11 (S),Cleveland Air Magic,Nate Daunis
93,1,#644,SRSE60 F 7 and under,Jazzy Jumpers,Isabel Buchanan
93,2,#645,SRSE60 F 7 and under,"Pumper Jumpers, Darwin",Lily Mae Evans
93,3,#643,SRSE60 F 7 and under,Jazzy Jumpers,Chloe Prior
93,4,#641,SRSE60 F 7 and under,Cleveland Air Magic,Laylah Liddle
93,5,#642,SRSE60 F 7 and under,Hot Shots,Amity Morton
93,6,#1096,SRSE60 M 7 and under,St George Skipping,Irvin Chen
93,7,#1094,SRSE60 M 7 and under,Hot Shots,Leo Musumeci
93,8,#1095,SRSE60 M 7 and under,Katherine Croc Jumpers,
94,1,#654,SRSE60 F 8,"Pumper Jumpers, Darwin",Charlotte Story
94,2,#652,SRSE60 F 8,King's Skipperoos,Kokoa Ah Tong
94,3,#651,SRSE60 F 8,Jazzy Jumpers,Aivy Liu
94,4,#648,SRSE60 F 8,Cleveland Air Magic,Blair Dawkins
94,5,#647,SRSE60 F 8,Cleveland Air Magic,Matilda Brown
94,6,#655,SRSE60 F 8,St Lukes Leapers,Evelyn Simpson
94,7,#653,SRSE60 F 8,"Pumper Jumpers, Darwin",Isabella Brice
94,8,#646,SRSE60 F 8,Cleveland Air Magic,Mackenzie Rowberry
94,9,#649,SRSE60 F 8,Earnshaw Eagles,Reeya Sohal
94,10,#650,SRSE60 F 8,Hot Shots,Elise Turner
95,1,#1101,SRSE60 M 8,King's Skipperoos,TJ Li
95,2,#1097,SRSE60 M 8,Hot Shots,Bastien Ward
95,3,#1102,SRSE60 M 8,St Lukes Leapers,Fletcher Harradine
95,4,#1098,SRSE60 M 8,Hot Shots,Calvin Thomas
95,5,#1099,SRSE60 M 8,Katherine Croc Jumpers,Lucas Magee
95,6,#1100,SRSE60 M 8,Katherine Croc Jumpers,Quintin Adu
96,1,#93,SRSE60 F 9 (S),Skipz,Luella Engert
96,2,#87,SRSE60 F 9 (S),Earnshaw Eagles,Ivy Erskine
96,3,#92,SRSE60 F 9 (S),"Pumper Jumpers, Darwin",Milly Carter
96,4,#89,SRSE60 F 9 (S),Hot Shots,Olivia Musumeci
96,5,#90,SRSE60 F 9 (S),Katherine Croc Jumpers,Mahalia Adu
96,6,#91,SRSE60 F 9 (S),Northbridge Knockouts,Daisy Newham
96,7,#88,SRSE60 F 9 (S),Hot Shots,Olivia Geeves
96,8,#86,SRSE60 F 9 (S),Bluebell Skippers,Delphi Schroeter
96,9,#1178,SRSE60 M 9 (S),St Lukes Leapers,Oliver Poole
96,10,#1174,SRSE60 M 9 (S),King's Skipperoos,Daniel Xie
97,1,#1176,SRSE60 M 9 (S),St George Skipping,Vance Wu
97,2,#1175,SRSE60 M 9 (S),St George Skipping,Hayden Pham
97,3,#1177,SRSE60 M 9 (S),St George Skipping,Isaac Chen
97,4,#1173,SRSE60 M 9 (S),King's Skipperoos,Jasper Hu
97,5,#1172,SRSE60 M 9 (S),Jazzy Jumpers,Edison Kenyon
97,6,#1181,SRSE60 M 10 (S),St George Skipping,Christopher Huang
97,7,#1179,SRSE60 M 10 (S),Jazzy Jumpers,Morgan Harley
97,8,#1183,SRSE60 M 10 (S),St Lukes Leapers,Slater Pukallus
97,9,#1180,SRSE60 M 10 (S),Katherine Croc Jumpers,Patrick Hughes
97,10,#1182,SRSE60 M 10 (S),St George Skipping,Kingsley Zhao
98,1,#670,SRSE60 F 10 (S),"Pumper Jumpers, Darwin",Sylvie Tierney
98,2,#660,SRSE60 F 10 (S),Earnshaw Eagles,Avneet Sohal
98,3,#657,SRSE60 F 10 (S),Cleveland Air Magic,Charlotte Liddle
98,4,#672,SRSE60 F 10 (S),Skipz,Allegra Barnett
98,5,#669,SRSE60 F 10 (S),"Pumper Jumpers, Darwin",Isla Sargent
98,6,#664,SRSE60 F 10 (S),Jazzy Jumpers,Adeline Kenyon
98,7,#656,SRSE60 F 10 (S),Cleveland Air Magic,Evie Brown
98,8,#673,SRSE60 F 10 (S),St George Skipping,Aria Liu
98,9,#661,SRSE60 F 10 (S),Essington Hoppers,Mya Bullen
98,10,#666,SRSE60 F 10 (S),Jazzy Jumpers,Evie Pratley
99,1,#662,SRSE60 F 10 (S),Hot Shots,Isabella Shepherd...
99,2,#658,SRSE60 F 10 (S),Cleveland Air Magic,Poppy Duthie
99,3,#659,SRSE60 F 10 (S),Cleveland Air Magic,Charli Rowberry
99,4,#665,SRSE60 F 10 (S),Jazzy Jumpers,Heidi Jones
99,5,#667,SRSE60 F 10 (S),Katherine Croc Jumpers,Tiana Hewitt
99,6,#663,SRSE60 F 10 (S),Hot Shots,Lucy Wheeler
99,7,#668,SRSE60 F 10 (S),"Pumper Jumpers, Darwin",Violet Hiroti
99,8,#671,SRSE60 F 10 (S),"Pumper Jumpers, Darwin",Jiva Thomas
104,1,#696,SRSR X 30+,Sunday Skippers,Claire George / Simon George / Natalie Ker / Melanie Naidoo
104,2,#694,SRSR X 30+,Cleveland Air Magic,Sheree Bennett / Nicole Brown / Sharon Landy / Jackalyn Robba
104,3,#1428,SRSR X 30+,Hot Shots,Shanna Bailey / Taryn Hodgson / Ella Leyden / Emma Rowe
104,4,#1438,SRSR X 30+,Sunday Skippers,Donna Lange / Valerie Smith / Sally Strohmayr / Sam Strohmayr
104,5,#695,SRSR X 30+,Cleveland Air Magic,Carolyn Barker / Craig Gilbert / Luisa Southby / Lisa Zambelli
104,6,#1185,SRSR F 16+ (allow younger),Jazzy Jumpers,Anabelle Julias / Wing Tsz Vangie L. / Violet Nichols / Matilda Whyte
104,7,#1184,SRSR F 16+ (allow younger),Jazzy Jumpers,Elodie Blot / Matisse Blot / Hope Bruhn / Grace Bucklar
104,8,#1433,SRSR F 16+ (allow younger),King's Skipperoos,Charlotte Mikkelson / Isabella Roddick / Addison Roughley / Jordan Smith
104,9,#1455,SRSR F 16+ (allow younger),Bluebell Skippers,Charlotte Garbutt / Breeanna Townsend / Ella Winstanley / Riley Winstanley
104,10,#1425,SRSR F 16+ (allow younger),Cleveland Air Magic,Jasmine Hawkins / Jacqueline Hunter / Gabrielle Mol / Jessica Poon
105,1,#1456,SRSR F 16+ (allow younger),Hot Shots,Luna Sophie INT-... / Eden Ng / Alyse Plint / Kimberly Wong
105,2,#1187,SRSR F 16+ (allow younger),St George Skipping,Laura Madden / Serena Maskito / Rebekah Norman / Bella Rigby
105,3,#1186,SRSR F 16+ (allow younger),Skipz,Ambrosia Borobokas / Serina Choy / Yvette Hoyne / Mary-Jane Hudson
105,4,#675,SRSR X 16+ (allow younger),Cleveland Air Magic,Luke Boon / Jake Eve / Jaymee Gilbert / Chloe Mol
105,5,#679,SRSR X 16+ (allow younger),St George Skipping,Ethan Cheng / Jesse Madden / Belinda Norman / Jacinda Zhang
105,6,#674,SRSR X 16+ (allow younger),Cleveland Air Magic,Ema Gould / Ava Huston / Maverick Larkin / Louisa Mol
105,7,#678,SRSR X 16+ (allow younger),St George Skipping,Alfred Huang / Zachary Lee / Jacqueline Maskito / Aidan Rabanal
105,8,#677,SRSR X 16+ (allow younger),Northbridge Knockouts,Johnathan Fariel / Charlotte Flinders / Zaira McHutchison / Nick Whitney
105,9,#1431,SRSR X 16+ (allow younger),Katherine Independent Athletes,James Elton-Pym / Kate Hinchliffe / Sacha INT-Willetts / Deborah Placidi
105,10,#676,SRSR X 16+ (allow younger),Jazzy Jumpers,Phoebe Bruhn / Kate Cheney / Georgia Dawson / Cameron Whyte
107,1,#1003,SRSR F 12-15,King's Skipperoos,Narla Blows / Indiana (Indi) Braun / Mackenzie Hoy / Cindy Xie
107,2,#1002,SRSR F 12-15,Jazzy Jumpers,Madeline Buchanan / Grace Gorrie / Haley O'Brien / Lucy Stedman
107,3,#1006,SRSR F 12-15,St George Skipping,Imogen Chen / Martina Dimopoulos / Milla Pingel / Kimberley Wu
107,4,#1004,SRSR F 12-15,Northbridge Knockouts,Stella Adam-Smith / Alannah Chappel / Jemima McHutchi. / Jana Wong
107,5,#1001,SRSR F 12-15,Crestmead Super Sonics,Willow Mackenzie / Peyton Rowley / Sophia Thao / Avana Tuatai
107,6,#1000,SRSR F 12-15,Crestmead Super Sonics,Mikayla Cooper / Gabrielle Kanoyan. / Rosealie Schuck / Grace Thao
107,7,#1454,SRSR F 12-15,Skipz,Nasudi Andres / Gabriela Fromberg / Yulia Tsz Yu Lee / Erin van Wijngaar..
107,8,#1426,SRSR F 12-15,Cleveland Air Magic,Freya Bailey / Victoria Howgate / Freya Huston / Jasmine Johnson
107,9,#1007,SRSR F 12-15,St George Skipping,Isabella Chen / Joanna Huang / Daisy Newham / Cathy Yu
107,10,#1005,SRSR F 12-15,"Pumper Jumpers, Darwin",Stella Hiroti / Lily Pham / Rosie Rheinberger / Phillippa Waters
108,1,#684,SRSR X 12-15,Northbridge Knockouts,Bronte Adam-Smith / Alfie Newham / Ciane Priddle / Olivia Stone
108,2,#683,SRSR X 12-15,King's Skipperoos,Kalani Ah Tong / Isobelle (Issy) Dul... / Alexis Janssen / Olivia Janssen
108,3,#686,SRSR X 12-15,St George Skipping,Emma Donnelly / Kaden Donnelly / Ayden Koh / Annabelle Lee
108,4,#682,SRSR X 12-15,Jazzy Jumpers,Layla Flynn / Aria Graham / Myles Harley / Aryana Pimm
108,5,#681,SRSR X 12-15,Earnshaw Eagles,William Roddick / Lillie Templeton / Eleanor Trebilco / Lewis Trebilco
108,6,#680,SRSR X 12-15,Cleveland Air Magic,Danielle Faulkner / Ella Filmer / Joel Ng / Samuel Ng
108,7,#685,SRSR X 12-15,Skipz,Isla Engert / Emily van de Water / Harry Wilkerson / Amanda Zhang
108,8,#1462,SRSR X 12-15,Jazzy Jumpers,Dominic Julias / Keira Naden / Ella Pratley / Sienna Tetu
110,1,#1105,SRSR F 11-12,Jazzy Jumpers,Mia Buchanan / Lucy Duncan / Priya Pratley / Maddison Prior
110,2,#1103,SRSR F 11-12,Hot Shots,Kaitlyn Kwok / Emily Skinner / Anna Turner / Mae Yates
110,3,#1453,SRSR F 11-12,St Lukes Leapers,Chloe Bailey / Jenna Hentschel / Charlie Rose McM.. / Amelia Saxelby
110,4,#1107,SRSR F 11-12,St George Skipping,Indyra Kuckreja / Annalise Luk / Zoe Pham / Talia Wu
110,5,#1106,SRSR F 11-12,Jazzy Jumpers,Sophie O'Brien / Layla Schroeter / Holly Yu / Lingxi Zhao
110,6,#1104,SRSR F 11-12,Jazzy Jumpers,Clare Gorrie / Sophia Ho / Lux Jones / Jaimee Shaw
110,7,#689,SRSR X 11-12,St George Skipping,Lachlan Hales / Owen Hales / Aria Liu / Doris Liu
110,8,#687,SRSR X 11-12,Cleveland Air Magic,Nate Daunis / Frankie Dawkins / Tylah McPherson / April Noble
110,9,#688,SRSR X 11-12,Hot Shots,Chloe Geeves / Jack Johnson / Sophie Macgregor / Evaline Ward
110,10,#1250,SRSR X 11-12,St Lukes Leapers,Daniel Cook / Oliver Hallett / Zachary Harradine / Eli Simpson
111,1,#692,SRSR F 9-10,"Pumper Jumpers, Darwin",Isabella Brice
111,2,#693,SRSR F 9-10,"Pumper Jumpers, Darwin",Milly Carter
111,3,#1452,SRSR F 9-10,Hot Shots,Allegra Barnett
111,4,#690,SRSR F 9-10,Cleveland Air Magic,Evie Brown
111,5,#691,SRSR F 9-10,Hot Shots,Olivia Geeves
111,6,#1188,SRSR X 9-10,Jazzy Jumpers,Morgan Harley
111,7,#1189,SRSR X 9-10,Katherine Croc Jumpers,Mahalia Adu
111,8,#1243,SRSR X 9-10,St George Skipping,Isaac Chen
111,9,#1451,SRSR X 9-10,Jazzy Jumpers,Ivy Erskine
111,10,#1434,SRSR X 9-10,King's Skipperoos,Jasper Hu
112,1,#698,SRSR2x30 F 8 and under,Cleveland Air Magic,Matilda Brown
112,2,#699,SRSR2x30 F 8 and under,Jazzy Jumpers,Isabel Buchanan
112,3,#697,SRSR2x30 F 8 and under,Cleveland Air Magic,Blair Dawkins
112,4,#1109,SRSR2x30 X 8 and under,Katherine Croc Jumpers,
112,5,#1110,SRSR2x30 X 8 and under,Hot Shots,Amity Morton
112,6,#1112,SRSR2x30 X 8 and under,St Lukes Leapers,Fletcher Harradine
112,7,#1450,SRSR2x30 X 8 and under,Jazzy Jumpers,Irvin Chen
112,8,#1111,SRSR2x30 X 8 and under,King's Skipperoos,Kokoa Ah Tong
112,9,#1108,SRSR2x30 X 8 and under,Hot Shots,Leo Musumeci
115,1,#224,DDSS X 30+,Cleveland Air Magic,Sheree Bennett / Luisa Southby / Lisa Zambelli
115,2,#1249,DDSS X 30+,Sunday Skippers,Claire George / Simon George / Valerie Smith
115,3,#1457,DDSS X 30+,Hot Shots,Taryn Hodgson / Ella Leyden / Emma Rowe
115,4,#1248,DDSS X 30+,Sunday Skippers,Natalie Ker / Sally Strohmayr / Sam Strohmayr
115,5,#1247,DDSS X 30+,St Lukes Leapers,Shanna Bailey / Adam Harradine / Renee Pukallus
115,6,#1460,DDSS X 30+,Cleveland Air Magic,Craig Gilbert / Sharon Landy / Jackalyn Robba
115,7,#27,DDSS F 16+ (allow younger),Skipz,Ambrosia Borobokas / Serina Choy / Erin van Wijngaar.
115,8,#20,DDSS F 16+ (allow younger),Cleveland Air Magic,Ema Gould / Gabrielle Mol / Breeanna Townsend
115,9,#21,DDSS F 16+ (allow younger),Jazzy Jumpers,Phoebe Bruhn / Grace Bucklar / Violet Nichols
115,10,#29,DDSS F 16+ (allow younger),St George Skipping,Jacqueline Maskito / Belinda Norman / Bella Rigby
116,1,#22,DDSS F 16+ (allow younger),Jazzy Jumpers,Kate Cheney / Wing Tsz Vangie L. / Matilda Whyte
116,2,#24,DDSS F 16+ (allow younger),King's Skipperoos,Indiana (Indi) Braun / Charlotte Mikkelson / Cindy Xie
116,3,#28,DDSS F 16+ (allow younger),St George Skipping,Laura Madden / Serena Maskito / Rebekah Norman
116,4,#26,DDSS F 16+ (allow younger),Skipz,Gabriela Fromberg / Yvette Hoyne / Mary-Jane Hudson
116,5,#1432,DDSS F 16+ (allow younger),King's Skipperoos,Jasmine Hawkins / Jacqueline Hunter / Jordan Smith
116,6,#18,DDSS F 16+ (allow younger),Cleveland Air Magic,Ella Filmer / Eden Ng / Jessica Poon
116,7,#23,DDSS F 16+ (allow younger),Jazzy Jumpers,Elodie Blot / Matisse Blot / Anabelle Julias
116,8,#973,DDSS F 16+ (allow younger),St George Skipping,Joanna Huang / Cathy Yu / Jacinda Zhang
116,9,#19,DDSS F 16+ (allow younger),Cleveland Air Magic,Ava Huston / Emma Jackson / Louisa Mol
116,10,#17,DDSS F 16+ (allow younger),Bluebell Skippers,Charlotte Garbutt / Ella Winstanley / Riley Winstanley
117,1,#25,DDSS F 16+ (allow younger),"Pumper Jumpers, Darwin",Abbey Heron / Stella Hiroti / Ruby Joswig
117,2,#1458,DDSS F 16+ (allow younger),Hot Shots,Freya Bailey / Alyse Plint / Yulia Tsz Yu Lee
117,3,#206,DDSS X 16+ (allow younger),Cleveland Air Magic,Carolyn Barker / Nicole Brown / Ben Cooper
117,4,#211,DDSS X 16+ (allow younger),Northbridge Knockouts,Johnathan Fariel / Charlotte Flinders / Kimberly Wong
117,5,#209,DDSS X 16+ (allow younger),Jazzy Jumpers,Georgia Dawson / Myles Harley / Cameron Whyte
117,6,#1234,DDSS X 16+ (allow younger),St George Skipping,Ethan Cheng / Zachary Lee / Jesse Madden
117,7,#208,DDSS X 16+ (allow younger),Earnshaw Eagles,Isabella Roddick / William Roddick / Lillie Templeton
117,8,#205,DDSS X 16+ (allow younger),Cleveland Air Magic,Belle Charlesworth / Maverick Larkin / Chloe Mol
117,9,#207,DDSS X 16+ (allow younger),Cleveland Air Magic,Luke Boon / Jake Eve / Jaymee Gilbert
117,10,#210,DDSS X 16+ (allow younger),Katherine Independent Athletes,James Elton-Pym / Kate Hinchliffe / Deborah Placidi
118,1,#970,DDSS F 12-15,Northbridge Knockouts,Bronte Adam-Smith / Alannah Chappel / Olivia Stone
118,2,#958,DDSS F 12-15,Crestmead Super Sonics,Mikayla Cooper / Annabella Peters / Rosealie Schuck
118,3,#962,DDSS F 12-15,Jazzy Jumpers,Sophia Ho / Aryana Pimm / Holly Yu
118,4,#964,DDSS F 12-15,Jazzy Jumpers,Grace Gorrie / Aria Graham / Layla Schroeter
118,5,#966,DDSS F 12-15,Jazzy Jumpers,Lux Jones / Charlie Rose McM / Jaimee Shaw
118,6,#975,DDSS F 12-15,St George Skipping,Imogen Chen / Zoe Pham / Talia Wu
118,7,#972,DDSS F 12-15,St George Skipping,Isabella Chen / Emma Donnelly / Indyra Kuckreja
118,8,#959,DDSS F 12-15,Hot Shots,Chloe Geeves / Kaitlyn Kwok / Mae Yates
118,9,#961,DDSS F 12-15,Jazzy Jumpers,Mia Buchanan / Lucy Duncan / Clare Gorrie
118,10,#974,DDSS F 12-15,St George Skipping,Martina Dimopoulos / Milla Pingel / Kimberley Wu
119,1,#956,DDSS F 12-15,Crestmead Super Sonics,Willow Mackenzie / Grace Thao / Sophia Thao
119,2,#963,DDSS F 12-15,Jazzy Jumpers,Sophie O'Brien / Maddison Prior / Lucy Stedman
119,3,#967,DDSS F 12-15,Jazzy Jumpers,Haley O'Brien / Priya Pratley / Lingxi Zhao
119,4,#971,DDSS F 12-15,"Pumper Jumpers, Darwin",Lily Pham / Rosie Rheinberger / Phillippa Waters
119,5,#968,DDSS F 12-15,King's Skipperoos,Narla Blows / Isobelle (Issy) Dul. / Mackenzie Hoy
119,6,#969,DDSS F 12-15,Northbridge Knockouts,Stella Adam-Smith / Jemima McHutchi.. / Ciane Priddle
119,7,#960,DDSS F 12-15,Hot Shots,Jenna Hentschel / Sophie Macgregor / Emily Skinner
119,8,#957,DDSS F 12-15,Crestmead Super Sonics,Gabrielle Kanoyan.. / Peyton Rowley / Avana Tuatai
119,9,#965,DDSS F 12-15,Jazzy Jumpers,Madeline Buchanan / Ella Pratley / Sienna Tetu
120,1,#1215,DDSS M 12-15,King's Skipperoos,Jasper Hu / TJ Li / Daniel Xie
120,2,#1218,DDSS M 12-15,St Lukes Leapers,Daniel Cook / Oliver Hallett / Eli Simpson
120,3,#1217,DDSS M 12-15,St George Skipping,Kaden Donnelly / Alfred Huang / Aidan Rabanal
120,4,#219,DDSS X 12-15,Skipz,Isla Engert / Emily van de Water / Harry Wilkerson
120,5,#222,DDSS X 12-15,St George Skipping,Lachlan Hales / Owen Hales / Doris Liu
120,6,#218,DDSS X 12-15,King's Skipperoos,Kalani Ah Tong / Alexis Janssen / Olivia Janssen
120,7,#216,DDSS X 12-15,Hot Shots,Jack Johnson / Anna Turner / Evaline Ward
120,8,#215,DDSS X 12-15,Earnshaw Eagles,Avneet Sohal / Eleanor Trebilco / Lewis Trebilco
120,9,#212,DDSS X 12-15,Cleveland Air Magic,Victoria Howgate / Jasmine Johnson / Samuel Ng
120,10,#220,DDSS X 12-15,St George Skipping,Ayden Koh / Annabelle Lee / Annalise Luk
121,1,#217,DDSS X 12-15,Jazzy Jumpers,Layla Flynn
121,2,#213,DDSS X 12-15,Cleveland Air Magic,Nate Daunis
121,3,#214,DDSS X 12-15,Cleveland Air Magic,Danielle Faulkner
121,4,#223,DDSS X 12-15,St Lukes Leapers,Chloe Bailey
126,1,#503,SRPF60 F 8 and under,Jazzy Jumpers,Isabel Buchanan / Aivy Liu
126,2,#1078,SRPF60 X 8 and under,King's Skipperoos,Kokoa Ah Tong / TJ Li
127,1,#501,SRPF60 F 8 and under,Cleveland Air Magic,Blair Dawkins / Laylah Liddle
127,2,#1079,SRPF60 X 8 and under,St Lukes Leapers,Fletcher Harradine / Evelyn Simpson
128,1,#502,SRPF60 F 8 and under,Cleveland Air Magic,Matilda Brown / Mackenzie Rowberry
128,2,#1077,SRPF60 X 8 and under,Hot Shots,Amity Morton / Leo Musumeci
129,1,#504,SRPF60 F 8 and under,"Pumper Jumpers, Darwin",Lily Mae Evans / Charlotte Story
129,2,#1076,SRPF60 X 8 and under,Katherine Croc Jumpers,Quintin Adu / Lucas Magee
130,1,#495,SRPF60 F 9-10,Hot Shots,Olivia Geeves / Olivia Musumeci
130,2,#1075,SRPF60 X 8 and under,Hot Shots,Calvin Thomas / Bastien Ward
131,1,#499,SRPF60 F 9-10,"Pumper Jumpers, Darwin",Violet Hiroti / Jiva Thomas
131,2,#1224,SRPF60 M 9-10,King's Skipperoos,Jasper Hu / Daniel Xie
132,1,#494,SRPF60 F 9-10,Hot Shots,Isabella Shepherd... / Elise Turner
132,2,#1226,SRPF60 M 9-10,St George Skipping,Isaac Chen / Vance Wu
133,1,#1421,SRPF60 F 9-10,Bluebell Skippers,Daisy Newham / Delphi Schroeter
133,2,#1225,SRPF60 M 9-10,St George Skipping,Christopher Huang / Kingsley Zhao
134,1,#498,SRPF60 F 9-10,"Pumper Jumpers, Darwin",Isla Sargent / Sylvie Tierney
134,2,#1227,SRPF60 M 9-10,St George Skipping,Irvin Chen / Hayden Pham
135,1,#497,SRPF60 F 9-10,Katherine Croc Jumpers,Mahalia Adu
135,2,#1228,SRPF60 M 9-10,St Lukes Leapers,Oliver Poole
136,1,#496,SRPF60 F 9-10,Jazzy Jumpers,Heidi Jones / Adeline Kenyon
136,2,#1167,SRPF60 X 9-10,Jazzy Jumpers,Morgan Harley / Evie Pratley
137,1,#500,SRPF60 F 9-10,Skipz,Allegra Barnett / Luella Engert
137,2,#1168,SRPF60 X 9-10,Jazzy Jumpers,Edison Kenyon / Chloe Prior
138,1,#493,SRPF60 F 9-10,Earnshaw Eagles,Ivy Erskine / Avneet Sohal
138,2,#904,SRTF F 30+,Cleveland Air Magic,Carolyn Barker / Sheree Bennett / Nicole Brown / Jackalyn Robba
139,1,#492,SRPF60 F 9-10,Cleveland Air Magic,Evie Brown
141,1,#328,SRIF F 11 (S),Jazzy Jumpers,Charlie Rose McM...
141,2,#374,SRIF F 15 (S),King's Skipperoos,Cindy Xie
142,1,#324,SRIF F 11 (S),Hot Shots,Anna Turner
142,2,#375,SRIF F 15 (S),Skipz,Gabriela Fromberg
143,1,#326,SRIF F 11 (S),Hot Shots,Emily Skinner
143,2,#376,SRIF F 15 (S),Skipz,Ambrosia Borobokas
144,1,#332,SRIF F 11 (S),Jazzy Jumpers,Jaimee Shaw
144,2,#370,SRIF F 15 (S),Cleveland Air Magic,Victoria Howgate
145,1,#325,SRIF F 11 (S),Hot Shots,Sophie Macgregor
145,2,#373,SRIF F 15 (S),King's Skipperoos,Indiana (Indi) Braun
146,1,#322,SRIF F 11 (S),Cleveland Air Magic,Frankie Dawkins
146,2,#371,SRIF F 15 (S),Earnshaw Eagles,Lillie Templeton
147,1,#327,SRIF F 11 (S),Hot Shots,Chloe Geeves
147,2,#372,SRIF F 15 (S),Jazzy Jumpers,Matisse Blot
148,1,#330,SRIF F 11 (S),Jazzy Jumpers,Maddison Prior
148,2,#369,SRIF F 15 (S),Cleveland Air Magic,Jasmine Johnson
149,1,#323,SRIF F 11 (S),Essington Hoppers,Gabby Roos
149,2,#379,SRIF F 16 (S),Earnshaw Eagles,Isabella Roddick
150,1,#331,SRIF F 11 (S),Jazzy Jumpers,Sophie O'Brien
150,2,#383,SRIF F 16 (S),Northbridge Knockouts,Kimberly Wong
151,1,#329,SRIF F 11 (S),Jazzy Jumpers,Mia Buchanan
151,2,#377,SRIF F 16 (S),Cleveland Air Magic,Louisa Mol
152,1,#343,SRIF F 12 (S),Northbridge Knockouts,Nasudi Andres
152,2,#380,SRIF F 16 (S),Jazzy Jumpers,Georgia Dawson
153,1,#335,SRIF F 12 (S),Cleveland Air Magic,Tylah McPherson
153,2,#382,SRIF F 16 (S),Northbridge Knockouts,Zaira McHutchison
154,1,#336,SRIF F 12 (S),Earnshaw Eagles,Eleanor Trebilco
154,2,#378,SRIF F 16 (S),Cleveland Air Magic,Ema Gould
155,1,#339,SRIF F 12 (S),Hot Shots,Kaitlyn Kwok
155,2,#385,SRIF F 16 (S),Skipz,Yvette Hoyne
156,1,#341,SRIF F 12 (S),Jazzy Jumpers,Sophia Ho
156,2,#381,SRIF F 16 (S),King's Skipperoos,Addison Roughley
157,1,#345,SRIF F 12 (S),St George Skipping,Talia Wu
157,2,#384,SRIF F 16 (S),Northbridge Knockouts,Charlotte Flinders
158,1,#340,SRIF F 12 (S),Jazzy Jumpers,Lucy Duncan
158,2,#1151,SRIF F 17 (S),Jazzy Jumpers,Violet Nichols
159,1,#338,SRIF F 12 (S),Hot Shots,Evaline Ward
159,2,#1152,SRIF F 17 (S),Jazzy Jumpers,Elodie Blot
160,1,#344,SRIF F 12 (S),"Pumper Jumpers, Darwin",Rosie Rheinberger
160,2,#1153,SRIF F 17 (S),King's Skipperoos,Charlotte Mikkelson
161,1,#342,SRIF F 12 (S),Northbridge Knockouts,Bronte Adam-Smith
161,2,#395,SRIF F 18 (S),Jazzy Jumpers,Kate Cheney
162,1,#337,SRIF F 12 (S),Hot Shots,Mae Yates
162,2,#398,SRIF F 18 (S),St George Skipping,Jacinda Zhang
163,1,#982,SRIF F 13 (S),Skipz,Isla Engert
163,2,#397,SRIF F 18 (S),Skipz,Mary-Jane Hudson
164,1,#976,SRIF F 13 (S),Crestmead Super Sonics,Willow Mackenzie
164,2,#396,SRIF F 18 (S),"Pumper Jumpers, Darwin",Abbey Heron
165,1,#980,SRIF F 13 (S),King's Skipperoos,Isobelle (Issy) Dul...
165,2,#393,SRIF F 18 (S),Jazzy Jumpers,Wing Tsz Vangie L...
166,1,#978,SRIF F 13 (S),Crestmead Super Sonics,Grace Thao
166,2,#394,SRIF F 18 (S),Jazzy Jumpers,Matilda Whyte
167,1,#983,SRIF F 13 (S),St George Skipping,Annabelle Lee
167,2,#392,SRIF F 18 (S),Cleveland Air Magic,Ava Huston
168,1,#984,SRIF F 13 (S),St George Skipping,Emma Donnelly
168,2,#390,SRIF F 18 (S),Cleveland Air Magic,Eden Ng
169,1,#979,SRIF F 13 (S),Jazzy Jumpers,Aria Graham
169,2,#391,SRIF F 18 (S),Cleveland Air Magic,Gabrielle Mol
170,1,#977,SRIF F 13 (S),Crestmead Super Sonics,Peyton Rowley
170,2,#34,SRIF F 19 (S),"Pumper Jumpers, Darwin",Ruby Joswig
171,1,#981,SRIF F 13 (S),Northbridge Knockouts,Olivia Stone
171,2,#31,SRIF F 19 (S),Cleveland Air Magic,Chloe Mol
172,1,#353,SRIF F 14 (S),Cleveland Air Magic,Danielle Faulkner
172,2,#35,SRIF F 19 (S),St George Skipping,Laura Madden
173,1,#356,SRIF F 14 (S),Jazzy Jumpers,Keira Naden
173,2,#36,SRIF F 19 (S),St George Skipping,Bella Rigby
174,1,#358,SRIF F 14 (S),Northbridge Knockouts,Ciane Priddle
174,2,#32,SRIF F 19 (S),Cleveland Air Magic,Breeanna Townsend
175,1,#362,SRIF F 14 (S),"Pumper Jumpers, Darwin",Lily Pham
175,2,#33,SRIF F 19 (S),Northbridge Knockouts,Jacqueline Hunter
176,1,#363,SRIF F 14 (S),St Lukes Leapers,Freya Bailey
176,2,#30,SRIF F 19 (S),Bluebell Skippers,Riley Winstanley
177,1,#359,SRIF F 14 (S),Northbridge Knockouts,Jana Wong
177,2,#40,SRIF F 20-24,Hot Shots,Alyse Plint
178,1,#357,SRIF F 14 (S),King's Skipperoos,Mackenzie Hoy
178,2,#47,SRIF F 20-24,St George Skipping,Rebekah Norman
179,1,#355,SRIF F 14 (S),Jazzy Jumpers,Sienna Tetu
179,2,#43,SRIF F 20-24,King's Skipperoos,Jasmine Hawkins
180,1,#361,SRIF F 14 (S),"Pumper Jumpers, Darwin",Phillippa Waters
180,2,#44,SRIF F 20-24,King's Skipperoos,Jordan Smith
181,1,#360,SRIF F 14 (S),Northbridge Knockouts,Jemima McHutchi...
181,2,#45,SRIF F 20-24,Skipz,Serina Choy
182,1,#354,SRIF F 14 (S),Independant (WA),Yulia Tsz Yu Lee
182,2,#38,SRIF F 20-24,Bluebell Skippers,Ella Winstanley
183,2,#42,SRIF F 20-24,Jazzy Jumpers,Phoebe Bruhn
184,2,#37,SRIF F 20-24,Bluebell Skippers,Charlotte Garbutt
185,2,#41,SRIF F 20-24,Hot Shots,Jessica Stewart
186,2,#39,SRIF F 20-24,Cleveland Air Magic,Emma Jackson
187,2,#46,SRIF F 20-24,St George Skipping,Serena Maskito
188,2,#402,SRIF F 25-29,Cleveland Air Magic,Jaymee Gilbert
189,2,#401,SRIF F 25-29,Cleveland Air Magic,Belle Charlesworth
191,1,#900,SRTF F 11-12,St George Skipping,Indyra Kuckreja / Annalise Luk / Zoe Pham / Talia Wu
191,2,#1136,SRTF60 F 9-10,Hot Shots,Olivia Geeves / Olivia Musumeci / Isabella Shepherd... / Elise Turner
192,1,#897,SRTF F 11-12,Hot Shots,Chloe Geeves / Kaitlyn Kwok / Sophie Macgregor / Emily Skinner
192,2,#1137,SRTF60 F 9-10,"Pumper Jumpers, Darwin",Lily Mae Evans / Violet Hiroti / Charlotte Story / Jiva Thomas
193,1,#898,SRTF F 11-12,Jazzy Jumpers,Clare Gorrie / Maddison Prior / Lucy Stedman / Lingxi Zhao
193,2,#1245,SRTF60 X 9-10,St George Skipping,Isaac Chen / Christopher Huang / Vance Wu / Kingsley Zhao
194,1,#899,SRTF F 11-12,Jazzy Jumpers,Mia Buchanan / Lucy Duncan / Sophie O'Brien / Priya Pratley
194,2,#1206,SRTF60 X 9-10,St Lukes Leapers,Fletcher Harradine / Oliver Poole / Slater Pukallus / Evelyn Simpson
195,1,#896,SRTF F 11-12,Cleveland Air Magic,Frankie Dawkins / Charlotte Liddle / Tylah McPherson / April Noble
195,2,#1205,SRTF60 X 9-10,Jazzy Jumpers,Morgan Harley / Heidi Jones / Adeline Kenyon / Evie Pratley
196,1,#889,SRTF F 12-15,Jazzy Jumpers,Charlie Rose McM... / Haley O'Brien / Aryana Pimm / Jaimee Shaw
196,2,#903,SRTF X 11-12,St George Skipping,Lachlan Hales / Owen Hales / Aria Liu / Doris Liu
197,1,#890,SRTF F 12-15,Jazzy Jumpers,Madeline Buchanan
197,2,#902,SRTF X 11-12,Hot Shots,Jack Johnson
198,1,#893,SRTF F 12-15,Northbridge Knockouts,Stella Adam-Smith / Jemima McHutchi... / Ciane Priddle / Jana Wong
198,2,#901,SRTF X 11-12,Cleveland Air Magic,Evie Brown / Nate Daunis / Poppy Duthie / Charli Rowberry
199,1,#894,SRTF F 12-15,St George Skipping,Nasudi Andres / Isabella Chen / Joanna Huang / Cathy Yu
199,2,#1251,SRTF X 11-12,St Lukes Leapers,Daniel Cook / Oliver Hallett / Zachary Harradine / Eli Simpson
200,1,#895,SRTF F 12-15,St George Skipping,Imogen Chen / Martina Dimopoulos / Milla Pingel / Kimberley Wu
200,2,#1033,SRTF X 12-15,Earnshaw Eagles,William Roddick / Avneet Sohal / Eleanor Trebilco / Lewis Trebilco
201,1,#888,SRTF F 12-15,Crestmead Super Sonics,Gabrielle Kanoyan... / Willow Mackenzie / Peyton Rowley / Avana Tuatai
201,2,#1034,SRTF X 12-15,Jazzy Jumpers,Layla Flynn / Aria Graham / Myles Harley / Dominic Julias
202,1,#886,SRTF F 12-15,Cleveland Air Magic,Danielle Faulkner / Ella Filmer / Victoria Howgate / Freya Huston
202,2,#1244,SRTF X 12-15,St George Skipping,Alfred Huang / Ayden Koh / Zachary Lee / Aidan Rabanal
203,1,#887,SRTF F 12-15,Crestmead Super Sonics,Mikayla Cooper / Annabella Peters / Grace Thao / Sophia Thao
203,2,#1036,SRTF X 12-15,Skipz,Isla Engert / Emily van de Water / Harry Wilkerson / Amanda Zhang
204,1,#891,SRTF F 12-15,Jazzy Jumpers,Grace Gorrie
204,2,#1035,SRTF X 12-15,Northbridge Knockouts,Bronte Adam-Smith
205,1,#892,SRTF F 12-15,King's Skipperoos,Narla Blows / Isobelle (Issy) Dul... / Alexis Janssen / Olivia Janssen
205,2,#883,SRTF X 16+ (allow younger),Jazzy Jumpers,Georgia Dawson / Wing Tsz Vangie L... / Cameron Whyte / Matilda Whyte
206,1,#1441,SRTF F 16+ (allow younger),Skipz,Elodie Blot / Ambrosia Borobokas / Serina Choy / Anabelle Julias
206,2,#884,SRTF X 16+ (allow younger),Northbridge Knockouts,Johnathan Fariel / Charlotte Flinders / Zaira McHutchison / Kimberly Wong
207,1,#878,SRTF F 16+ (allow younger),King's Skipperoos,Indiana (Indi) Braun / Jasmine Hawkins / Jordan Smith / Cindy Xie
207,2,#876,SRTF X 16+ (allow younger),Cleveland Air Magic,Ema Gould / Ava Huston / Samuel Ng / Breeanna Townsend
208,1,#1429,SRTF F 16+ (allow younger),Hot Shots,Alyse Plint / Isabella Roddick / Jessica Stewart / Lillie Templeton
208,2,#885,SRTF X 16+ (allow younger),St George Skipping,Ethan Cheng / Jesse Madden / Belinda Norman / Jacinda Zhang
209,1,#1422,SRTF F 16+ (allow younger),Bluebell Skippers,Charlotte Garbutt / Jacqueline Hunter / Ella Winstanley / Riley Winstanley
209,2,#882,SRTF X 16+ (allow younger),Cleveland Air Magic,Ben Cooper / Jaymee Gilbert / Maverick Larkin / Chloe Mol
210,1,#879,SRTF F 16+ (allow younger),"Pumper Jumpers, Darwin",Abbey Heron / Lily Pham / Rosie Rheinberger / Phillippa Waters
211,1,#877,SRTF F 16+ (allow younger),Jazzy Jumpers,Matisse Blot
212,1,#880,SRTF F 16+ (allow younger),Skipz,Gabriela Fromberg / Yvette Hoyne / Mary-Jane Hudson / Erin van Wijngaar...
213,1,#881,SRTF F 16+ (allow younger),St George Skipping,Laura Madden / Jacqueline Maskito / Serena Maskito / Rebekah Norman
214,1,#875,SRTF F 16+ (allow younger),Cleveland Air Magic,Emma Jackson
216,1,#315,SRDR F 30+,Cleveland Air Magic,Sharon Landy / Lisa Zambelli
216,2,#317,SRDR F 30+,Hot Shots,Taryn Hodgson / Donna Lange
216,3,#316,SRDR F 30+,Cleveland Air Magic,Carolyn Barker / Sheree Bennett
216,4,#1439,SRDR F 30+,Skipz,Ella Leyden / Emma Rowe
216,5,#314,SRDR F 30+,Cleveland Air Magic,Nicole Brown / Jackalyn Robba
216,6,#320,SRDR X 30+,Cleveland Air Magic,Craig Gilbert / Luisa Southby
216,7,#321,SRDR X 30+,St Lukes Leapers,Shanna Bailey / Adam Harradine
216,8,#319,SRDR X 30+,Sunday Skippers,Simon George / Sam Strohmayr
216,9,#318,SRDR X 30+,Cleveland Air Magic,Luke Boon / Jake Eve
217,1,#1419,SRDR F 19+,Bluebell Skippers,Jacqueline Hunter / Ella Winstanley
217,2,#1449,SRDR F 19+,Skipping New Zealand,Luna Sophie INT-... / Sacha INT-Willetts
217,3,#233,SRDR F 19+,Cleveland Air Magic,Jaymee Gilbert / Chloe Mol
217,4,#231,SRDR F 19+,Cleveland Air Magic,Eden Ng / Breeanna Townsend
217,5,#243,SRDR F 19+,St George Skipping,Jacqueline Maskito / Serena Maskito
217,6,#232,SRDR F 19+,Cleveland Air Magic,Gabrielle Mol / Jessica Poon
217,7,#241,SRDR F 19+,St George Skipping,Laura Madden / Bella Rigby
217,8,#242,SRDR F 19+,St George Skipping,Belinda Norman / Rebekah Norman
217,9,#236,SRDR F 19+,Jazzy Jumpers,Phoebe Bruhn / Anabelle Julias
217,10,#239,SRDR F 19+,"Pumper Jumpers, Darwin",Abbey Heron / Ruby Joswig
218,1,#237,SRDR F 19+,Katherine Independent Athletes,Kate Hinchliffe / Deborah Placidi
218,2,#240,SRDR F 19+,Skipz,Ambrosia Borobokas / Serina Choy
218,3,#238,SRDR F 19+,King's Skipperoos,Jasmine Hawkins / Jordan Smith
218,4,#234,SRDR F 19+,Hot Shots,Alyse Plint / Jessica Stewart
218,5,#235,SRDR F 19+,Jazzy Jumpers,Grace Bucklar / Grace Gorrie
218,6,#1229,SRDR X 19+,Northbridge Knockouts,Johnathan Fariel / Nick Whitney
218,7,#251,SRDR F 16-18,St George Skipping,Indyra Kuckreja / Jacinda Zhang
218,8,#1446,SRDR F 16-18,Earnshaw Eagles,Isabella Roddick / Kimberly Wong
218,9,#247,SRDR F 16-18,Jazzy Jumpers,Wing Tsz Vangie L. / Violet Nichols
218,10,#250,SRDR F 16-18,Skipz,Yvette Hoyne / Mary-Jane Hudson
219,1,#246,SRDR F 16-18,Jazzy Jumpers,Kate Cheney / Matilda Whyte
219,2,#248,SRDR F 16-18,King's Skipperoos,Charlotte Mikkelson / Addison Roughley
219,3,#244,SRDR F 16-18,Cleveland Air Magic,Ema Gould / Ava Huston
219,4,#245,SRDR F 16-18,Jazzy Jumpers,Matisse Blot / Hope Bruhn
219,5,#249,SRDR F 16-18,Northbridge Knockouts,Charlotte Flinders / Zaira McHutchison
219,6,#1235,SRDR X 16-18,St George Skipping,Ethan Cheng / Jesse Madden
219,7,#253,SRDR X 16-18,Jazzy Jumpers,Elodie Blot / Myles Harley
219,8,#254,SRDR X 16-18,Jazzy Jumpers,Georgia Dawson / Cameron Whyte
219,9,#252,SRDR X 16-18,Cleveland Air Magic,Maverick Larkin / Louisa Mol
220,1,#273,SRDR F 12-15,St George Skipping,Rosealie Schuck / Cathy Yu
220,2,#255,SRDR F 12-15,Cleveland Air Magic,Danielle Faulkner / Victoria Howgate
220,3,#260,SRDR F 12-15,Crestmead Super Sonics,Annabella Peters / Grace Thao
220,4,#259,SRDR F 12-15,Crestmead Super Sonics,Mikayla Cooper / Sophia Thao
220,5,#277,SRDR F 12-15,St George Skipping,Emma Donnelly / Annabelle Lee
220,6,#274,SRDR F 12-15,St George Skipping,Isabella Chen / Joanna Huang
220,7,#272,SRDR F 12-15,Skipz,Gabriela Fromberg / Erin van Wijngaar..
220,8,#266,SRDR F 12-15,King's Skipperoos,Indiana (Indi) Braun / Mackenzie Hoy
220,9,#269,SRDR F 12-15,Northbridge Knockouts,Stella Adam-Smith / Alannah Chappel
220,10,#271,SRDR F 12-15,Skipz,Isla Engert / Amanda Zhang
221,1,#1448,SRDR F 12-15,Independant (WA),Nasudi Andres / Yulia Tsz Yu Lee
221,2,#268,SRDR F 12-15,Northbridge Knockouts,Jemima McHutchi / Jana Wong
221,3,#258,SRDR F 12-15,Crestmead Super Sonics,Gabrielle Kanoyan. / Avana Tuatai
221,4,#275,SRDR F 12-15,St George Skipping,Martina Dimopoulos / Milla Pingel
221,5,#267,SRDR F 12-15,Northbridge Knockouts,Ciane Priddle / Olivia Stone
221,6,#1423,SRDR F 12-15,Cleveland Air Magic,Freya Bailey / Jasmine Johnson
221,7,#263,SRDR F 12-15,Jazzy Jumpers,Layla Flynn / Aryana Pimm
221,8,#257,SRDR F 12-15,Crestmead Super Sonics,Willow Mackenzie / Peyton Rowley
221,9,#256,SRDR F 12-15,Cleveland Air Magic,Ella Filmer / Freya Huston
221,10,#262,SRDR F 12-15,Jazzy Jumpers,Madeline Buchanan / Aria Graham
222,1,#261,SRDR F 12-15,Jazzy Jumpers,Keira Naden / Ella Pratley
222,2,#265,SRDR F 12-15,King's Skipperoos,Narla Blows / Olivia Janssen
222,3,#264,SRDR F 12-15,King's Skipperoos,Isobelle (Issy) Dul.. / Cindy Xie
222,4,#270,SRDR F 12-15,"Pumper Jumpers, Darwin",Lily Pham / Phillippa Waters
222,5,#276,SRDR F 12-15,St George Skipping,Imogen Chen / Kimberley Wu
222,6,#280,SRDR M 12-15,St George Skipping,Alfred Huang / Aidan Rabanal
222,7,#278,SRDR M 12-15,Cleveland Air Magic,Joel Ng / Samuel Ng
222,8,#279,SRDR M 12-15,St George Skipping,Kaden Donnelly / Zachary Lee
222,9,#1027,SRDR X 12-15,Essington Hoppers,Mya Bullen / Flynn Naidoo
222,10,#1026,SRDR X 12-15,Earnshaw Eagles,Eleanor Trebilco / Lewis Trebilco
223,1,#1025,SRDR X 12-15,Earnshaw Eagles,William Roddick
223,2,#1028,SRDR X 12-15,Jazzy Jumpers,Dominic Julias
223,3,#1029,SRDR X 12-15,St George Skipping,Ayden Koh
223,4,#1435,SRDR F 11-12,"Pumper Jumpers, Darwin",Chloe Geeves
223,5,#281,SRDR F 11-12,Cleveland Air Magic,Frankie Dawkins
223,6,#287,SRDR F 11-12,Jazzy Jumpers,Lux Jones
223,7,#286,SRDR F 11-12,Jazzy Jumpers,Lucy Duncan
223,8,#293,SRDR F 11-12,St George Skipping,Aria Liu
223,9,#294,SRDR F 11-12,St Lukes Leapers,Chloe Bailey
223,10,#288,SRDR F 11-12,Jazzy Jumpers,Clare Gorrie
224,1,#282,SRDR F 11-12,Hot Shots,Jenna Hentschel / Sophie Macgregor
224,2,#285,SRDR F 11-12,Jazzy Jumpers,Sophia Ho / Layla Schroeter
224,3,#292,SRDR F 11-12,St George Skipping,Zoe Pham / Talia Wu
224,4,#290,SRDR F 11-12,Jazzy Jumpers,Mia Buchanan / Sophie O'Brien
224,5,#291,SRDR F 11-12,Jazzy Jumpers,Maddison Prior / Lingxi Zhao
224,6,#283,SRDR F 11-12,Hot Shots,Emily Skinner / Mae Yates
224,7,#289,SRDR F 11-12,Jazzy Jumpers,Priya Pratley / Holly Yu
224,8,#284,SRDR F 11-12,Hot Shots,Anna Turner / Evaline Ward
224,9,#1236,SRDR M 11-12,St George Skipping,Lachlan Hales / Owen Hales
224,10,#1238,SRDR M 11-12,St Lukes Leapers,Oliver Hallett / Eli Simpson
225,1,#1237,SRDR M 11-12,St Lukes Leapers,Daniel Cook / Zachary Harradine
225,2,#297,SRDR X 11-12,King's Skipperoos,Kalani Ah Tong / Alexis Janssen
225,3,#299,SRDR X 11-12,Skipz,Emily van de Water / Harry Wilkerson
225,4,#298,SRDR X 11-12,Northbridge Knockouts,Bronte Adam-Smith / Alfie Newham
225,5,#296,SRDR X 11-12,Hot Shots,Jack Johnson / Kaitlyn Kwok
225,6,#295,SRDR X 11-12,Cleveland Air Magic,Nate Daunis / April Noble
226,1,#309,SRDR F 9-10,Skipz,Allegra Barnett / Luella Engert
226,2,#304,SRDR F 9-10,Hot Shots,Olivia Musumeci / Isabella Shepherd.
226,3,#303,SRDR F 9-10,Hot Shots,Olivia Geeves / Lucy Wheeler
226,4,#302,SRDR F 9-10,Earnshaw Eagles,Avneet Sohal / Reeya Sohal
226,5,#300,SRDR F 9-10,Cleveland Air Magic,Evie Brown / Poppy Duthie
226,6,#301,SRDR F 9-10,Cleveland Air Magic,Charlotte Liddle / Charli Rowberry
226,7,#307,SRDR F 9-10,"Pumper Jumpers, Darwin",Isla Sargent / Sylvie Tierney
226,8,#305,SRDR F 9-10,Jazzy Jumpers,Adeline Kenyon / Evie Pratley
226,9,#308,SRDR F 9-10,"Pumper Jumpers, Darwin",Violet Hiroti / Jiva Thomas
226,10,#306,SRDR F 9-10,"Pumper Jumpers, Darwin",Isabella Brice / Milly Carter
227,1,#1220,SRDR M 9-10,St George Skipping,Christopher Huang / Kingsley Zhao
227,2,#1221,SRDR M 9-10,St George Skipping,Isaac Chen / Vance Wu
227,3,#1223,SRDR M 9-10,St Lukes Leapers,Oliver Poole / Slater Pukallus
227,4,#1219,SRDR M 9-10,King's Skipperoos,Jasper Hu / Daniel Xie
227,5,#1222,SRDR M 9-10,St George Skipping,Irvin Chen / Hayden Pham
227,6,#1150,SRDR X 9-10,Jazzy Jumpers,Edison Kenyon / Chloe Prior
227,7,#1149,SRDR X 9-10,Jazzy Jumpers,Morgan Harley / Heidi Jones
227,8,#1447,SRDR X 9-10,Earnshaw Eagles,Ivy Erskine / Calvin Thomas
227,9,#1463,SRDR F 9-10,Northbridge Knockouts,Daisy Newham / Delphi Schroeter
228,1,#312,SRDR F 8 and under,Jazzy Jumpers,Isabel Buchanan
228,2,#310,SRDR F 8 and under,Cleveland Air Magic,Matilda Brown
228,3,#311,SRDR F 8 and under,Cleveland Air Magic,Blair Dawkins
228,4,#313,SRDR F 8 and under,"Pumper Jumpers, Darwin",Lily Mae Evans
228,5,#1052,SRDR X 8 and under,Hot Shots,Amity Morton
228,6,#1053,SRDR X 8 and under,King's Skipperoos,Kokoa Ah Tong
228,7,#1051,SRDR X 8 and under,Hot Shots,Elise Turner
228,8,#1054,SRDR X 8 and under,St Lukes Leapers,Fletcher Harradine
230,1,#1437,DDSR X 30+,Sunday Skippers,Natalie Ker / Donna Lange / Sally Strohmayr / Sam Strohmayr
230,2,#196,DDSR X 30+,Cleveland Air Magic,Sheree Bennett / Sharon Landy / Luisa Southby / Lisa Zambelli
230,3,#1427,DDSR X 30+,Hot Shots,Shanna Bailey / Taryn Hodgson / Ella Leyden / Emma Rowe
230,4,#1252,DDSR X 30+,Sunday Skippers,Claire George / Simon George / Melanie Naidoo / Valerie Smith
230,5,#177,DDSR F 16+ (allow younger),King's Skipperoos,Indiana (Indi) Braun / Charlotte Mikkelson / Jordan Smith / Cindy Xie
230,6,#1459,DDSR F 16+ (allow younger),Cleveland Air Magic,Ella Filmer / Victoria Howgate / Freya Huston / Eden Ng
230,7,#174,DDSR F 16+ (allow younger),Cleveland Air Magic,Ema Gould / Emma Jackson / Louisa Mol / Breeanna Townsend
230,8,#175,DDSR F 16+ (allow younger),Jazzy Jumpers,Matisse Blot / Hope Bruhn / Grace Bucklar / Georgia Dawson
230,9,#173,DDSR F 16+ (allow younger),Cleveland Air Magic,Belle Charlesworth / Ava Huston / Chloe Mol / Gabrielle Mol
230,10,#179,DDSR F 16+ (allow younger),Skipz,Ambrosia Borobokas / Serina Choy / Yvette Hoyne / Erin van Wijngaar...
231,1,#1418,DDSR F 16+ (allow younger),Bluebell Skippers,Charlotte Garbutt / Jacqueline Hunter / Ella Winstanley / Riley Winstanley
231,2,#176,DDSR F 16+ (allow younger),Jazzy Jumpers,Phoebe Bruhn / Anabelle Julias / Violet Nichols / Matilda Whyte
231,3,#180,DDSR F 16+ (allow younger),St George Skipping,Jacqueline Maskito / Serena Maskito / Rebekah Norman / Bella Rigby
231,4,#183,DDSR X 16+ (allow younger),Earnshaw Eagles,Isabella Roddick / William Roddick / Lillie Templeton / Lewis Trebilco
231,5,#187,DDSR X 16+ (allow younger),St George Skipping,Emma Donnelly / Annabelle Lee / Zachary Lee / Laura Madden
231,6,#186,DDSR X 16+ (allow younger),St George Skipping,Ethan Cheng / Jesse Madden / Belinda Norman / Jacinda Zhang
231,7,#182,DDSR X 16+ (allow younger),Cleveland Air Magic,Luke Boon / Jake Eve / Jaymee Gilbert / Maverick Larkin
231,8,#185,DDSR X 16+ (allow younger),Northbridge Knockouts,Johnathan Fariel / Charlotte Flinders / Nick Whitney / Kimberly Wong
231,9,#184,DDSR X 16+ (allow younger),Jazzy Jumpers,Elodie Blot / Kate Cheney / Wing Tsz Vangie L. / Cameron Whyte
231,10,#181,DDSR X 16+ (allow younger),Cleveland Air Magic,Carolyn Barker / Nicole Brown / Ben Cooper / Jackalyn Robba
232,1,#952,DDSR F 12-15,King's Skipperoos,Narla Blows / Isobelle (Issy) Dul / Mackenzie Hoy / Olivia Janssen
232,2,#954,DDSR F 12-15,St George Skipping,Isabella Chen / Jenna Hentschel / Joanna Huang / Cathy Yu
232,3,#949,DDSR F 12-15,Jazzy Jumpers,Grace Gorrie / Lux Jones / Charlie Rose McM. / Jaimee Shaw
232,4,#955,DDSR F 12-15,St George Skipping,Imogen Chen / Martina Dimopoulos / Milla Pingel / Kimberley Wu
232,5,#948,DDSR F 12-15,Crestmead Super Sonics,Gabrielle Kanoyan / Willow Mackenzie / Peyton Rowley / Avana Tuatai
232,6,#947,DDSR F 12-15,Crestmead Super Sonics,Mikayla Cooper / Rosealie Schuck / Grace Thao / Sophia Thao
232,7,#178,DDSR F 12-15,"Pumper Jumpers, Darwin",Stella Hiroti / Lily Pham / Rosie Rheinberger / Phillippa Waters
232,8,#953,DDSR F 12-15,Northbridge Knockouts,Stella Adam-Smith / Jemima McHutchi.. / Ciane Priddle / Jana Wong
232,9,#950,DDSR F 12-15,Jazzy Jumpers,Layla Flynn / Keira Naden / Ella Pratley / Sienna Tetu
232,10,#951,DDSR F 12-15,Jazzy Jumpers,Madeline Buchanan / Clare Gorrie / Layla Schroeter / Lucy Stedman
233,1,#189,DDSR X 12-15,Jazzy Jumpers,Aria Graham / Myles Harley / Dominic Julias / Haley O'Brien
233,2,#190,DDSR X 12-15,Skipz,Isla Engert / Emily van de Water / Harry Wilkerson / Amanda Zhang
233,3,#1230,DDSR X 12-15,St George Skipping,Kaden Donnelly / Alfred Huang / Ayden Koh / Aidan Rabanal
233,4,#188,DDSR X 12-15,Cleveland Air Magic,Danielle Faulkner / Jasmine Johnson / Joel Ng / Samuel Ng
233,5,#1046,DDSR F 11-12,St George Skipping,Indyra Kuckreja / Annalise Luk / Zoe Pham / Talia Wu
233,6,#1045,DDSR F 11-12,Jazzy Jumpers,Mia Buchanan / Lucy Duncan / Sophie O'Brien / Priya Pratley
233,7,#1043,DDSR F 11-12,Hot Shots,Chloe Geeves / Kaitlyn Kwok / Sophie Macgregor / Mae Yates
233,8,#1044,DDSR F 11-12,Jazzy Jumpers,Sophia Ho / Maddison Prior / Holly Yu / Lingxi Zhao
233,9,#193,DDSR X 11-12,King's Skipperoos,Kalani Ah Tong / Jasper Hu / Alexis Janssen / Daniel Xie
233,10,#195,DDSR X 11-12,St Lukes Leapers,Daniel Cook / Oliver Hallett / Zachary Harradine / Eli Simpson
234,1,#192,DDSR X 11-12,Hot Shots,Jack Johnson / Emily Skinner / Anna Turner / Evaline Ward
234,2,#191,DDSR X 11-12,Cleveland Air Magic,Nate Daunis / Frankie Dawkins / Tylah McPherson / April Noble
234,3,#194,DDSR X 11-12,St George Skipping,Lachlan Hales / Owen Hales / Aria Liu / Doris Liu
234,4,#1464,DDSR F 12-15,St Lukes Leapers,Chloe Bailey / Freya Bailey / Amelia Saxelby / Eleanor Trebilco
235,1,#5,DDCS30 X 16+ (allow younger),Jazzy Jumpers,Phoebe Bruhn
235,2,#4,DDCS30 X 16+ (allow younger),Cleveland Air Magic,Ava Huston
235,3,#8,DDCS30 X 16+ (allow younger),Jazzy Jumpers,Matisse Blot
235,4,#3,DDCS30 X 16+ (allow younger),Cleveland Air Magic,Luke Boon
235,5,#7,DDCS30 X 16+ (allow younger),Jazzy Jumpers,Elodie Blot
235,6,#6,DDCS30 X 16+ (allow younger),Jazzy Jumpers,Kate Cheney
235,7,#2,DDCS30 X 16+ (allow younger),Cleveland Air Magic,Ema Gould
235,8,#1,DDCS30 X 16+ (allow younger),Bluebell Skippers,Charlotte Garbutt
235,9,#138,DDCS30 X 12-15,Crestmead Super Sonics,Gabrielle Kanoyan.
235,10,#137,DDCS30 X 12-15,Cleveland Air Magic,Danielle Faulkner
236,1,#145,DDCS30 X 12-15,Jazzy Jumpers,Madeline Buchanan
236,2,#142,DDCS30 X 12-15,Jazzy Jumpers,Sophie O'Brien
236,3,#143,DDCS30 X 12-15,Jazzy Jumpers,Layla Flynn
236,4,#144,DDCS30 X 12-15,Jazzy Jumpers,Sophia Ho
236,5,#140,DDCS30 X 12-15,Hot Shots,Jenna Hentschel
236,6,#141,DDCS30 X 12-15,Hot Shots,Jack Johnson
236,7,#139,DDCS30 X 12-15,Crestmead Super Sonics,Willow Mackenzie
236,8,#136,DDCS30 X 12-15,Cleveland Air Magic,Victoria Howgate
239,1,#201,"DDSR-2x30, F 8 and under",Cleveland Air Magic,Blair Dawkins / Laylah Liddle
239,2,#203,"DDSR-2x30, F 8 and under",Jazzy Jumpers,Isabel Buchanan / Chloe Prior
239,3,#200,"DDSR-2x30, F 8 and under",Cleveland Air Magic,Matilda Brown / Mackenzie Rowberry
239,4,#202,"DDSR-2x30, F 8 and under",Hot Shots,Kaitlyn Kwok / Amity Morton / Bastien Ward / Mae Yates
239,5,#204,"DDSR-2x30, F 8 and under","Pumper Jumpers, Darwin",Isabella Brice / Lily Mae Evans / Charlotte Story
239,6,#1050,"DDSR-2x30, X 8 and under",Hot Shots,Donna Lange / Calvin Thomas / Elise Turner / Evaline Ward
239,7,#1214,"DDSR-2x30, X 8 and under",King's Skipperoos,Kokoa Ah Tong / TJ Li
239,8,#1444,"DDSR-2x30, F 9-10",Skipz,Allegra Barnett / Luella Engert / Johnathan Fariel / Daisy Newham
239,9,#197,"DDSR-2x30, F 9-10",Cleveland Air Magic,Evie Brown / Poppy Duthie / Charli Rowberry
239,10,#199,"DDSR-2x30, F 9-10","Pumper Jumpers, Darwin",Violet Hiroti / Jiva Thomas / Sylvie Tierney
240,1,#1442,"DDSR-2x30, F 9-10",Earnshaw Eagles,Ivy Erskine
240,2,#198,"DDSR-2x30, F 9-10",Hot Shots,Charlotte Liddle
240,3,#1231,"DDSR-2x30, M 9-10",St George Skipping,Irvin Chen
240,4,#1232,"DDSR-2x30, M 9-10",St George Skipping,Isaac Chen
240,5,#1233,"DDSR-2x30, M 9-10",St Lukes Leapers,Fletcher Harradine
240,6,#1049,"DDSR-2x30, X 9-10",Jazzy Jumpers,Morgan Harley
240,7,#1047,"DDSR-2x30, X 9-10",Hot Shots,Olivia Geeves
240,8,#1048,"DDSR-2x30, X 9-10",Jazzy Jumpers,Heidi Jones
243,1,#52,SRIF60 F 9 (S),Katherine Croc Jumpers,Mahalia Adu
243,2,#1154,SRIF60 M 9 (S),Jazzy Jumpers,Edison Kenyon
244,1,#50,SRIF60 F 9 (S),Hot Shots,Olivia Geeves
244,2,#1156,SRIF60 M 9 (S),King's Skipperoos,Jasper Hu
245,1,#49,SRIF60 F 9 (S),Earnshaw Eagles,Ivy Erskine
245,2,#1159,SRIF60 M 9 (S),St George Skipping,Hayden Pham
246,1,#48,SRIF60 F 9 (S),Bluebell Skippers,Delphi Schroeter
246,2,#1157,SRIF60 M 9 (S),St George Skipping,Vance Wu
247,1,#51,SRIF60 F 9 (S),Hot Shots,Olivia Musumeci
247,2,#1155,SRIF60 M 9 (S),King's Skipperoos,Daniel Xie
248,1,#53,SRIF60 F 9 (S),Northbridge Knockouts,Daisy Newham
248,2,#1158,SRIF60 M 9 (S),St George Skipping,Isaac Chen
249,1,#54,SRIF60 F 9 (S),Skipz,Luella Engert
249,2,#1160,SRIF60 M 9 (S),St Lukes Leapers,Oliver Poole
250,1,#403,SRIF F 30-39 (S),Cleveland Air Magic,Jackalyn Robba
250,2,#1165,SRIF60 M 10 (S),St Lukes Leapers,Slater Pukallus
251,1,#404,SRIF F 30-39 (S),Cleveland Air Magic,Sheree Bennett
251,2,#1162,SRIF60 M 10 (S),Katherine Croc Jumpers,Patrick Hughes
252,1,#405,SRIF F 30-39 (S),Cleveland Air Magic,Nicole Brown
252,2,#1161,SRIF60 M 10 (S),Jazzy Jumpers,Morgan Harley
253,1,#406,SRIF F 30-39 (S),Skipz,Ella Leyden
253,2,#1163,SRIF60 M 10 (S),St George Skipping,Christopher Huang
254,1,#411,SRIF F 50+,Cleveland Air Magic,Luisa Southby
254,2,#1164,SRIF60 M 10 (S),St George Skipping,Kingsley Zhao
255,1,#409,SRIF F 50+,Cleveland Air Magic,Sharon Landy
255,2,#436,SRIF60 F 10 (S),Skipz,Allegra Barnett
256,1,#410,SRIF F 50+,Cleveland Air Magic,Lisa Zambelli
256,2,#433,SRIF60 F 10 (S),Jazzy Jumpers,Adeline Kenyon
257,1,#412,SRIF F 50+,Cleveland Air Magic,Carolyn Barker
257,2,#427,SRIF60 F 10 (S),Cleveland Air Magic,Charli Rowberry
258,1,#1065,SRIF F 40-49 (S),St Lukes Leapers,Shanna Bailey
258,2,#432,SRIF60 F 10 (S),Jazzy Jumpers,Heidi Jones
259,1,#1064,SRIF F 40-49 (S),Skipping New Zealand,Sacha INT-Willetts
259,2,#435,SRIF60 F 10 (S),"Pumper Jumpers, Darwin",Jiva Thomas
260,1,#1062,SRIF F 40-49 (S),Hot Shots,Taryn Hodgson
260,2,#437,SRIF60 F 10 (S),St George Skipping,Aria Liu
261,1,#1063,SRIF F 40-49 (S),Hot Shots,Donna Lange
261,2,#428,SRIF60 F 10 (S),Cleveland Air Magic,Charlotte Liddle
262,2,#425,SRIF60 F 10 (S),Cleveland Air Magic,Evie Brown
263,2,#431,SRIF60 F 10 (S),Jazzy Jumpers,Evie Pratley
264,2,#429,SRIF60 F 10 (S),Earnshaw Eagles,Avneet Sohal
265,2,#434,SRIF60 F 10 (S),"Pumper Jumpers, Darwin",Isla Sargent
266,2,#430,SRIF60 F 10 (S),Essington Hoppers,Mya Bullen
267,2,#426,SRIF60 F 10 (S),Cleveland Air Magic,Poppy Duthie
269,1,#407,SRIF M 40+,Cleveland Air Magic,craig Gilbert
269,2,#334,SRIF M 11 (S),St Lukes Leapers,Eli Simpson
270,1,#408,SRIF M 40+,Sunday Skippers,Simon George
270,2,#333,SRIF M 11 (S),Cleveland Air Magic,Nate Daunis
271,1,#364,SRIF M 15-16 (S),Cleveland Air Magic,Samuel Ng
271,2,#1055,SRIF M 12 (S),Hot Shots,Jack Johnson
272,1,#367,SRIF M 15-16 (S),Jazzy Jumpers,Cameron Whyte
272,2,#1059,SRIF M 12 (S),St Lukes Leapers,Daniel Cook
273,1,#366,SRIF M 15-16 (S),Jazzy Jumpers,Myles Harley
273,2,#1057,SRIF M 12 (S),Skipz,Harry Wilkerson
274,1,#365,SRIF M 15-16 (S),Earnshaw Eagles,William Roddick
274,2,#1060,SRIF M 12 (S),St Lukes Leapers,Zachary Harradine
275,1,#368,SRIF M 15-16 (S),St George Skipping,Zachary Lee
275,2,#1058,SRIF M 12 (S),St George Skipping,Owen Hales
276,1,#389,SRIF M 17-18 (S),St George Skipping,Jesse Madden
276,2,#1061,SRIF M 12 (S),St Lukes Leapers,Oliver Hallett
277,1,#388,SRIF M 17-18 (S),St George Skipping,Ethan Cheng
277,2,#1056,SRIF M 12 (S),Northbridge Knockouts,Alfie Newham
278,1,#387,SRIF M 17-18 (S),Northbridge Knockouts,Nick Whitney
278,2,#352,SRIF M 13-14 (S),St George Skipping,Kaden Donnelly
279,1,#386,SRIF M 17-18 (S),Cleveland Air Magic,Maverick Larkin
279,2,#348,SRIF M 13-14 (S),Essington Hoppers,Flynn Naidoo
280,1,#399,SRIF M 20-39 (S),Cleveland Air Magic,Luke Boon
280,2,#346,SRIF M 13-14 (S),Cleveland Air Magic,Joel Ng
281,1,#400,SRIF M 20-39 (S),Northbridge Knockouts,Johnathan Fariel
281,2,#350,SRIF M 13-14 (S),St George Skipping,Ayden Koh
282,2,#351,SRIF M 13-14 (S),St George Skipping,Alfred Huang
283,2,#349,SRIF M 13-14 (S),Jazzy Jumpers,Dominic Julias
284,2,#347,SRIF M 13-14 (S),Earnshaw Eagles,Lewis Trebilco
286,1,#481,SRPF F 11-12,St George Skipping,Zoe Pham / Talia Wu
286,2,#1239,SRPF X 16-18,St George Skipping,Ethan Cheng / Jesse Madden
287,1,#479,SRPF F 11-12,Jazzy Jumpers,Mia Buchanan / Sophie O'Brien
287,2,#1166,SRPF X 16-18,Jazzy Jumpers,Violet Nichols / Cameron Whyte
288,1,#474,SRPF F 11-12,Cleveland Air Magic,Tylah McPherson / April Noble
288,2,#444,SRPF F 16-18,Earnshaw Eagles,Isabella Roddick / Lillie Templeton
289,1,#478,SRPF F 11-12,Jazzy Jumpers,Clare Gorrie / Lucy Stedman
289,2,#449,SRPF F 16-18,Skipz,Yvette Hoyne / Mary-Jane Hudson
290,1,#484,SRPF F 11-12,St Lukes Leapers,Chloe Bailey / Amelia Saxelby
290,2,#446,SRPF F 16-18,Jazzy Jumpers,Wing Tsz Vangie L / Matilda Whyte
291,1,#482,SRPF F 11-12,St George Skipping,Indyra Kuckreja / Annalise Luk
291,2,#450,SRPF F 16-18,St George Skipping,Belinda Norman / Jacinda Zhang
292,1,#475,SRPF F 11-12,Hot Shots,Sophie Macgregor / Lucy Wheeler
292,2,#448,SRPF F 16-18,Northbridge Knockouts,Charlotte Flinders / Zaira McHutchison
293,1,#477,SRPF F 11-12,Hot Shots,Chloe Geeves / Emily Skinner
293,2,#441,SRPF F 16-18,Cleveland Air Magic,Victoria Howgate / Eden Ng
294,1,#480,SRPF F 11-12,Jazzy Jumpers,Sophia Ho / Holly Yu
294,2,#445,SRPF F 16-18,Jazzy Jumpers,Georgia Dawson / Lucy Duncan
295,1,#473,SRPF F 11-12,Cleveland Air Magic,Frankie Dawkins
295,2,#443,SRPF F 16-18,Cleveland Air Magic,Jasmine Johnson
296,1,#476,SRPF F 11-12,Hot Shots,Anna Turner / Mae Yates
296,2,#442,SRPF F 16-18,Cleveland Air Magic,Ema Gould / Ava Huston
297,1,#1436,SRPF F 11-12,"Pumper Jumpers, Darwin",Jenna Hentschel / Rosie Rheinberger
297,2,#447,SRPF F 16-18,King's Skipperoos,Mackenzie Hoy / Charlotte Mikkelson
298,1,#483,SRPF F 11-12,St George Skipping,Aria Liu / Doris Liu
298,2,#438,SRPF X 19+,Cleveland Air Magic,Luke Boon / Maverick Larkin
299,1,#467,SRPF F 12-15,St George Skipping,Imogen Chen / Kimberley Wu
299,2,#439,SRPF X 19+,Cleveland Air Magic,Ben Cooper / Jaymee Gilbert
300,1,#468,SRPF F 12-15,St George Skipping,Emma Donnelly / Annabelle Lee
300,2,#440,SRPF X 19+,Northbridge Knockouts,Johnathan Fariel / Kimberly Wong
301,1,#462,SRPF F 12-15,Northbridge Knockouts,Alannah Chappel / Olivia Stone
301,2,#65,SRPF F 19+,St George Skipping,Rebekah Norman / Bella Rigby
302,1,#455,SRPF F 12-15,Jazzy Jumpers,Keira Naden / Sienna Tetu
302,2,#1420,SRPF F 19+,Bluebell Skippers,Charlotte Garbutt / Jacqueline Hunter
303,1,#452,SRPF F 12-15,Crestmead Super Sonics,Willow Mackenzie / Avana Tuatai
303,2,#62,SRPF F 19+,"Pumper Jumpers, Darwin",Abbey Heron / Ruby Joswig
304,1,#461,SRPF F 12-15,Northbridge Knockouts,Ciane Priddle / Jana Wong
304,2,#56,SRPF F 19+,Cleveland Air Magic,Emma Jackson / Gabrielle Mol
305,1,#463,SRPF F 12-15,Northbridge Knockouts,Stella Adam-Smith
305,2,#63,SRPF F 19+,Skipz,Ambrosia Borobokas
306,1,#465,SRPF F 12-15,Skipz,Gabriela Fromberg / Erin van Wijngaar...
306,2,#59,SRPF F 19+,Jazzy Jumpers,Phoebe Bruhn / Kate Cheney
307,1,#466,SRPF F 12-15,Skipz,Isla Engert / Amanda Zhang
307,2,#58,SRPF F 19+,Hot Shots,Alyse Plint / Jessica Stewart
308,2,#61,SRPF F 19+,King's Skipperoos,Jasmine Hawkins / Jordan Smith
309,2,#1430,SRPF F 19+,Katherine Independent Athletes,Kate Hinchliffe / Sacha INT-Willetts
310,1,#456,SRPF F 12-15,Jazzy Jumpers,Madeline Buchanan / Aria Graham
310,2,#57,SRPF F 19+,Cleveland Air Magic,Belle Charlesworth / Chloe Mol
311,1,#459,SRPF F 12-15,King's Skipperoos,Indiana (Indi) Braun / Cindy Xie
311,2,#60,SRPF F 19+,Jazzy Jumpers,Elodie Blot / Anabelle Julias
312,1,#453,SRPF F 12-15,Crestmead Super Sonics,Grace Thao / Sophia Thao
312,2,#64,SRPF F 19+,St George Skipping,Laura Madden / Serena Maskito
313,1,#451,SRPF F 12-15,Cleveland Air Magic,Ella Filmer / Freya Huston
313,2,#55,SRPF F 19+,Bluebell Skippers,Ella Winstanley / Riley Winstanley
314,1,#1424,SRPF F 12-15,Cleveland Air Magic,Freya Bailey / Danielle Faulkner
315,1,#464,SRPF F 12-15,"Pumper Jumpers, Darwin",Lily Pham
316,1,#457,SRPF F 12-15,Jazzy Jumpers,Ella Pratley / Layla Schroeter
317,1,#469,SRPF F 12-15,St George Skipping,Martina Dimopoulos / Milla Pingel
318,1,#454,SRPF F 12-15,Crestmead Super Sonics,Gabrielle Kanoyan. / Peyton Rowley
319,1,#1240,SRPF M 11-12,St George Skipping,Lachlan Hales / Owen Hales
320,1,#1241,SRPF M 11-12,St Lukes Leapers,Daniel Cook / Zachary Harradine
321,1,#1242,SRPF M 11-12,St Lukes Leapers,Oliver Hallett / Eli Simpson
322,1,#486,SRPF X 11-12,Hot Shots,Jack Johnson / Evaline Ward
323,1,#485,SRPF X 11-12,Cleveland Air Magic,Nate Daunis / Poppy Duthie
324,1,#487,SRPF X 11-12,Northbridge Knockouts,Bronte Adam-Smith / Alfie Newham
325,1,#488,SRPF X 11-12,Skipz,Emily van de Water
326,1,#1032,SRPF X 12-15,Jazzy Jumpers,Matisse Blot / Myles Harley
327,1,#1031,SRPF X 12-15,Jazzy Jumpers,Layla Flynn / Dominic Julias
328,1,#1030,SRPF X 12-15,Earnshaw Eagles,Eleanor Trebilco / Lewis Trebilco
329,1,#470,SRPF M 12-15,Cleveland Air Magic,Joel Ng / Samuel Ng
330,1,#471,SRPF M 12-15,St George Skipping,Zachary Lee / Aidan Rabanal
331,1,#472,SRPF M 12-15,St George Skipping,Kaden Donnelly
333,1,#1210,SRTU F 11-14 (S),Northbridge Knockouts,Jana Wong
333,2,#1208,SRTU F 11-14 (S),Jazzy Jumpers,Keira Naden
333,3,#1212,SRTU F 11-14 (S),Northbridge Knockouts,Stella Adam-Smith
333,4,#1209,SRTU F 11-14 (S),Jazzy Jumpers,Lucy Duncan
333,5,#1461,SRTU F 11-14 (S),Jazzy Jumpers,Ella Pratley
333,6,#1207,SRTU F 11-14 (S),Jazzy Jumpers,Sienna Tetu
334,1,#906,SRTU M 11-14 (S),Cleveland Air Magic,Nate Daunis
334,2,#905,SRTU M 11-14 (S),Cleveland Air Magic,Joel Ng
334,3,#908,SRTU M 11-14 (S),St George Skipping,Ayden Koh
334,4,#910,SRTU M 11-14 (S),St Lukes Leapers,Oliver Hallett
334,5,#907,SRTU M 11-14 (S),Earnshaw Eagles,Lewis Trebilco
334,6,#909,SRTU M 11-14 (S),St George Skipping,Kaden Donnelly
335,1,#912,SRTU F 15+ (S),Jazzy Jumpers,Wing Tsz Vangie L.
335,2,#916,SRTU F 15+ (S),Skipz,Serina Choy
335,3,#914,SRTU F 15+ (S),King's Skipperoos,Jasmine Hawkins
335,4,#911,SRTU F 15+ (S),Cleveland Air Magic,Jessica Poon
335,5,#915,SRTU F 15+ (S),King's Skipperoos,Jordan Smith
335,6,#913,SRTU F 15+ (S),Jazzy Jumpers,Anabelle Julias
336,1,#923,SRTU M 15+ (S),St George Skipping,Ethan Cheng
336,2,#920,SRTU M 15+ (S),Jazzy Jumpers,Cameron Whyte
336,3,#922,SRTU M 15+ (S),Northbridge Knockouts,Nick Whitney
336,4,#919,SRTU M 15+ (S),Cleveland Air Magic,Luke Boon
336,5,#917,SRTU M 15+ (S),Cleveland Air Magic,Maverick Larkin
336,6,#921,SRTU M 15+ (S),Northbridge Knockouts,Johnathan Fariel
336,7,#918,SRTU M 15+ (S),Cleveland Air Magic,Samuel Ng
339,1,#929,DDPF F 12-15,Crestmead Super Sonics,Mikayla Cooper / Gabrielle Kanoyan... / Peyton Rowley / Avana Tuatai
339,2,#1037,DDPF X 12-15,Hot Shots,Jack Johnson / Emily Skinner / Anna Turner / Evaline Ward
340,1,#936,DDPF F 12-15,St George Skipping,Imogen Chen / Martina Dimopoulos / Milla Pingel / Kimberley Wu
340,2,#152,DDPF X 16+ (allow younger),Jazzy Jumpers,Kate Cheney / Wing Tsz Vangie L... / Cameron Whyte / Matilda Whyte
341,1,#934,DDPF F 12-15,Jazzy Jumpers,Grace Gorrie / Layla Schroeter / Lucy Stedman / Lingxi Zhao
341,2,#150,DDPF X 16+ (allow younger),Cleveland Air Magic,Ema Gould / Jasmine Johnson / Joel Ng / Samuel Ng
342,1,#933,DDPF F 12-15,Jazzy Jumpers,Clare Gorrie / Sophia Ho / Maddison Prior / Holly Yu
342,2,#151,DDPF X 16+ (allow younger),Cleveland Air Magic,Belle Charlesworth / Emma Jackson / Maverick Larkin / Chloe Mol
343,1,#931,DDPF F 12-15,Jazzy Jumpers,Madeline Buchanan / Keira Naden / Ella Pratley / Sienna Tetu
343,2,#153,DDPF X 16+ (allow younger),Northbridge Knockouts,Johnathan Fariel / Charlotte Flinders / Nick Whitney / Kimberly Wong
344,1,#932,DDPF F 12-15,Jazzy Jumpers,Mia Buchanan / Lucy Duncan / Sophie O'Brien / Priya Pratley
344,2,#154,DDPF X 16+ (allow younger),St George Skipping,Ethan Cheng / Jesse Madden / Belinda Norman / Jacinda Zhang
345,1,#935,DDPF F 12-15,Northbridge Knockouts,Alannah Chappel
346,1,#930,DDPF F 12-15,Crestmead Super Sonics,Willow Mackenzie / Rosealie Schuck / Grace Thao / Sophia Thao
347,1,#147,DDPF F 16+ (allow younger),Cleveland Air Magic,Danielle Faulkner / Ella Filmer / Freya Huston / Eden Ng
348,1,#149,DDPF F 16+ (allow younger),St George Skipping,Laura Madden / Serena Maskito / Rebekah Norman / Bella Rigby
349,1,#148,DDPF F 16+ (allow younger),Jazzy Jumpers,Elodie Blot / Grace Bucklar / Georgia Dawson / Anabelle Julias
350,1,#146,DDPF F 16+ (allow younger),Cleveland Air Magic,Ava Huston / Gabrielle
352,1,#1253,SRPF X 30+,Sunday Skippers,Sally Strohmayr / Sam Strohmayr
353,1,#1440,SRPF F 30+,Skipz,Ella Leyden / Emma Rowe
354,1,#489,SRPF F 30+,Cleveland Air Magic,Luisa Southby / Lisa Zambelli
355,1,#491,SRPF F 30+,Cleveland Air Magic,Nicole Brown / Jackalyn Robba
356,1,#490,SRPF F 30+,Cleveland Air Magic,Carolyn Barker
357,1,#1139,WHPF F 12-15,Hot Shots,Chloe Geeves / Emily Skinner
357,2,#928,WHPF F 16-18,Jazzy Jumpers,Elodie Blot / Georgia Dawson
358,1,#1138,WHPF F 12-15,Hot Shots,Anna Turner / Mae Yates
358,2,#927,WHPF F 16-18,Jazzy Jumpers,Wing Tsz Vangie L. / Violet Nichols
359,1,#1144,WHPF F 12-15,St George Skipping,Emma Donnelly / Annabelle Lee
359,2,#925,WHPF F 16-18,Cleveland Air Magic,Ema Gould / Jasmine Johnson
360,1,#1143,WHPF F 12-15,St George Skipping,Martina Dimopoulos / Milla Pingel
360,2,#926,WHPF F 16-18,Earnshaw Eagles,Isabella Roddick / Lillie Templeton
361,1,#1141,WHPF F 12-15,Jazzy Jumpers,Lucy Duncan / Keira Naden
361,2,#130,WHPF F 19+,Cleveland Air Magic,Louisa Mol / Breeanna Townsend
362,1,#1140,WHPF F 12-15,Jazzy Jumpers,Mia Buchanan / Priya Pratley
362,2,#127,WHPF F 19+,Bluebell Skippers,Ella Winstanley / Riley Winstanley
363,1,#1142,WHPF F 12-15,Jazzy Jumpers,Ella Pratley / Sienna Tetu
363,2,#128,WHPF F 19+,Cleveland Air Magic,Belle Charlesworth / Emma Jackson
364,1,#1145,WHPF X 12-15,Hot Shots,Jack Johnson / Evaline Ward
364,2,#132,WHPF F 19+,St George Skipping,Jacqueline Maskito / Serena Maskito
365,1,#1146,WHPF X 12-15,Jazzy Jumpers,Grace Gorrie / Dominic Julias
365,2,#129,WHPF F 19+,Cleveland Air Magic,Chloe Mol / Gabrielle Mol
366,2,#131,WHPF F 19+,Hot Shots,Alyse Plint
367,2,#1213,WHPF X 16-18,Jazzy Jumpers,Kate Cheney / Cameron Whyte
368,2,#924,WHPF M 19+,Cleveland Air Magic,Luke Boon
374,1,#230,SCTF X 16+,Sunday Skippers,Claire George / Simon George / Natalie Ker / Rory Ker / Melanie Naidoo / Valerie Smith / Sally Strohmayr / Sam Strohmayr
375,1,#228,SCTF X 16+,Cleveland Air Magic,Luke Boon / Belle Charlesworth / Jake Eve / Ava Huston / Emma Jackson / Maverick Larkin / Chloe Mol / Gabrielle Mol / Louisa Mol
376,1,#229,SCTF X 16+,Jazzy Jumpers,Elodie Blot
377,1,#225,SCTF X 12-15,Cleveland Air Magic,Evie Brown / Matilda Brown / Nate Daunis / Blair Dawkins / Frankie Dawkins / Poppy Duthie / Danielle Faulkner / Charlotte Liddle / Tylah McPherson / April Noble / Charli Rowberry / Mackenzie Rowberry
378,1,#227,SCTF X 12-15,Jazzy Jumpers,Madeline Buchanan / Mia Buchanan / Lucy Duncan / Layla Flynn / Clare Gorrie / Grace Gorrie / Aria Graham / Sophia Ho / Dominic Julias / Sophie O'Brien / Aryana Pimm / Priya Pratley / Layla Schroeter / Lucy Stedman / Holly Yu
379,1,#226,SCTF X 12-15,Hot Shots,Chloe Geeves
380,1,#134,DDCF X 16+ (allow younger),Skipz,Ambrosia Borobokas / Serina Choy / Gabriela Fromberg / Yvette Hoyne / Mary-Jane Hudson / Ella Leyden / Erin van Wijngaar...
381,1,#135,DDCF X 16+ (allow younger),Sunday Skippers,Claire George / Simon George / Natalie Ker / Rory Ker / Melanie Naidoo / Valerie Smith / Sally Strohmayr / Sam Strohmayr
382,1,#133,DDCF X 16+ (allow younger),Cleveland Air Magic,Luke Boon / Charlesworth
1000,1,#1358,IRSO10U F 7 and under,Jazzy Jumpers,Isabel Buchanan
1001,1,#1356,IRSO10U F 7 and under,Cleveland Air Magic,Laylah Liddle
1001,1,#1275,ISRO F 11 (S),Hot Shots,Anna Turner
1002,1,#1357,IRSO10U F 7 and under,Hot Shots,Amity Morton
1002,1,#1273,ISRO F 11 (S),Cleveland Air Magic,Frankie Dawkins
1003,1,#1359,IRSO10U F 7 and under,Jazzy Jumpers,Chloe Prior
1003,1,#1278,ISRO F 11 (S),Jazzy Jumpers,Mia Buchanan
1004,1,#1394,IRSO10U M 7 and under,Hot Shots,Leo Musumeci
1004,1,#1282,ISRO F 11 (S),Jazzy Jumpers,Sophie O'Brien
1005,1,#1396,IRSO10U M 7 and under,St George Skipping,Irvin Chen
1005,1,#1281,ISRO F 11 (S),Jazzy Jumpers,Maddison Prior
1006,1,#1395,IRSO10U M 7 and under,Katherine Croc Jumpers,David Hughes
1006,1,#1276,ISRO F 11 (S),Hot Shots,Emily Skinner
1007,1,#1365,IRSO10U F 8,King's Skipperoos,Kokoa Ah Tong
1007,1,#1277,ISRO F 11 (S),Hot Shots,Sophie Macgregor
1008,1,#1362,IRSO10U F 8,Cleveland Air Magic,Mackenzie Rowberry
1008,1,#1280,ISRO F 11 (S),Jazzy Jumpers,Charlie Rose McM...
1009,1,#1361,IRSO10U F &,Cleveland Air Magic,Blair Dawkins
1009,1,#1279,ISRO F 11 (S),Jazzy Jumpers,Jaimee Shaw
1010,1,#1364,IRSO10U F 8,Jazzy Jumpers,Aivy Liu
1010,1,#1274,ISRO F 11 (S),Hot Shots,Chloe Geeves
1011,1,#1360,IRSO10U F 8,Cleveland Air Magic,Matilda Brown
1011,1,#1289,ISRO F 12 (S),Hot Shots,Mae Yates
1012,1,#1363,IRSO10U F 8,Hot Shots,Elise Turner
1012,1,#1290,ISRO F 12 (S),Jazzy Jumpers,Sophia Ho
1013,1,#1397,IRSO10U M 8,Hot Shots,Bastien Ward
1013,1,#1287,ISRO F 12 (S),Hot Shots,Kaitlyn Kwok
1014,1,#1400,IRSO10U M 8,Katherine Croc Jumpers,Lucas Magee
1014,1,#1291,ISRO F 12 (S),Jazzy Jumpers,Lucy Duncan
1015,1,#1398,IRSO10U M 8,Hot Shots,Calvin Thomas
1015,1,#1292,ISRO F 12 (S),Northbridge Knockouts,Nasudi Andres
1016,1,#1402,IRSO10U M 8,St Lukes Leapers,Fletcher Harradine
1016,1,#1285,ISRO F 12 (S),Cleveland Air Magic,Tylah McPherson
1017,1,#1399,IRSO10U M 8,Katherine Croc Jumpers,Quintin Adu
1017,1,#1294,ISRO F 12 (S),St George Skipping,Talia Wu
1018,1,#1401,IRSO10U M 8&,King's Skipperoos,TJ Li
1018,1,#1286,ISRO F 12 (S),Earnshaw Eagles,Eleanor Trebilco
1019,1,#1269,IRSO10U F 9 (S),Hot Shots,Olivia Geeves
1019,1,#1288,ISRO F 12 (S),Hot Shots,Evaline Ward
1020,1,#1268,IRSO10U F 9 (S),Hot Shots,Olivia Musumeci
1020,1,#1293,ISRO F 12 (S),Northbridge Knockouts,Bronte Adam-Smith
1021,1,#1272,IRSO10U F 9 (S),Skipz,Luella Engert
1021,1,#1377,ISRO F 13 (S),Crestmead Super Sonics,Willow Mackenzie
1022,1,#1267,IRSO10U F 9 (S),Earnshaw Eagles,Ivy Erskine
1022,1,#1382,ISRO F 13 (S),Skipz,Isla Engert
1023,1,#1266,IRSO10U F 9 (S),Bluebell Skippers,Delphi Schroeter
1023,1,#1381,ISRO F 13 (S),Northbridge Knockouts,Olivia Stone
1024,1,#1270,IRSO10U F 9 (S),Katherine Croc Jumpers,Mahalia Adu
1024,1,#1383,ISRO F 13 (S),St George Skipping,Emma Donnelly
1025,1,#1271,IRSO10U F 9 (S),Northbridge Knockouts,Daisy Newham
1025,1,#1380,ISRO F 13 (S),King's Skipperoos,Isobelle (Issy) Dul...
1026,1,#1409,IRSO10U M 9 (S),St George Skipping,Vance Wu
1026,1,#1379,ISRO F 13 (S),Jazzy Jumpers,Aria Graham
1027,1,#1406,IRSO10U M 9 (S),Jazzy Jumpers,Edison Kenyon
1027,1,#1378,ISRO F 13 (S),Crestmead Super Sonics,Peyton Rowley
1028,1,#1408,IRSO10U M 9 (S),King's Skipperoos,Daniel Xie
1028,1,#1310,ISRO F 14 (S),St Lukes Leapers,Freya Bailey
1029,1,#1407,IRSO10U M 9 (S),King's Skipperoos,Jasper Hu
1029,1,#1305,ISRO F 14 (S),Jazzy Jumpers,Keira Naden
1030,1,#1410,IRSO10U M 9 (S),St George Skipping,Hayden Pham
1030,1,#1306,ISRO F 14 (S),King's Skipperoos,Mackenzie Hoy
1031,1,#1412,IRSO10U M 9 (S),St Lukes Leapers,Oliver Poole
1031,1,#1303,ISRO F 14 (S),Independant (WA),Yulia Tsz Yu Lee
1032,1,#1411,IRSO10U M 9 (S),St George Skipping,Isaac Chen
1032,1,#1308,ISRO F 14 (S),Northbridge Knockouts,Jana Wong
1033,1,#1369,IRSO10U F 10 (S),Cleveland Air Magic,Charli Rowberry
1033,1,#1304,ISRO F 14 (S),Jazzy Jumpers,Sienna Tetu
1034,1,#1370,IRSO10U F 10 (S),Earnshaw Eagles,Avneet Sohal
1034,1,#1309,ISRO F 14 (S),Northbridge Knockouts,Ciane Priddle
1035,1,#1368,IRSO10U F 10 (S),Cleveland Air Magic,Evie Brown
1035,1,#1307,ISRO F 14 (S),Northbridge Knockouts,Jemima McHutchi...
1036,1,#1375,IRSO10U F 10 (S),Skipz,Allegra Barnett
1036,1,#1302,ISRO F 14 (S),Cleveland Air Magic,Danielle Faulkner
1037,1,#1376,IRSO10U F 10 (S),St George Skipping,Aria Liu
1037,1,#1320,ISRO F 15 (S),Skipz,Ambrosia Borobokas
1038,1,#1367,IRSO10U F 10 (S),Cleveland Air Magic,Charlotte Liddle
1038,1,#1316,ISRO F 15 (S),Earnshaw Eagles,Lillie Templeton
1039,1,#1373,IRSO10U F 10 (S),Jazzy Jumpers,Heidi Jones
1039,1,#1317,ISRO F 15 (S),Jazzy Jumpers,Matisse Blot
1040,1,#1366,IRSO10U F 10 (S),Cleveland Air Magic,Poppy Duthie
1040,1,#1319,ISRO F 15 (S),King's Skipperoos,Cindy Xie
1041,1,#1374,IRSO10U F 10 (S),Jazzy Jumpers,Evie Pratley
1041,1,#1321,ISRO F 15 (S),Skipz,Gabriela Fromberg
1042,1,#1371,IRSO10U F 10 (S),Essington Hoppers,Mya Bullen
1042,1,#1315,ISRO F 15 (S),Cleveland Air Magic,Jasmine Johnson
1043,1,#1372,IRSO10U F 10 (S),Jazzy Jumpers,Adeline Kenyon
1043,1,#1318,ISRO F 15 (S),King's Skipperoos,Indiana (Indi) Braun
1044,1,#1417,IRSO10U M 10 (S),St Lukes Leapers,Slater Pukallus
1044,1,#1323,ISRO F 16 (S),Cleveland Air Magic,Ema Gould
1045,1,#1413,IRSO10U M 10 (S),Jazzy Jumpers,Morgan Harley
1045,1,#1328,ISRO F 16 (S),Northbridge Knockouts,Zaira McHutchison
1046,1,#1414,IRSO10U M 10 (S),Katherine Croc Jumpers,Patrick Hughes
1046,1,#1330,ISRO F 16 (S),Skipz,Yvette Hoyne
1047,1,#1415,IRSO10U M 10 (S),St George Skipping,Christopher Huang
1047,1,#1324,ISRO F 16 (S),Earnshaw Eagles,Isabella Roddick
1048,1,#1416,IRSO10U M 10 (S),St George Skipping,Kingsley Zhao
1048,1,#1325,ISRO F 16 (S),Jazzy Jumpers,Georgia Dawson
1049,1,#1326,ISRO F 16 (S),King's Skipperoos,Addison Roughley
1050,1,#1322,ISRO F 16 (S),Cleveland Air Magic,Louisa Mol
1051,1,#1327,ISRO F 16 (S),Northbridge Knockouts,Kimberly Wong
1052,1,#1329,ISRO F 16 (S),Northbridge Knockouts,Charlotte Flinders
1053,1,#1405,ISRO F 17 (S),King's Skipperoos,Charlotte Mikkelson
1054,1,#1404,ISRO F 17 (S),Jazzy Jumpers,Violet Nichols
1055,1,#1403,ISRO F 17 (S),Jazzy Jumpers,Elodie Blot
1056,1,#1335,ISRO F 18 (S),Cleveland Air Magic,Eden Ng
1057,1,#1339,ISRO F 18 (S),Jazzy Jumpers,Wing Tsz Vangie L..
1058,1,#1336,ISRO F 18 (S),Cleveland Air Magic,Gabrielle Mol
1059,1,#1337,ISRO F 18 (S),Jazzy Jumpers,Matilda Whyte
1060,1,#1338,ISRO F 18 (S),Jazzy Jumpers,Kate Cheney
1061,1,#1340,ISRO F 18 (S),Skipz,Mary-Jane Hudson
1062,1,#1341,ISRO F 18 (S),St George Skipping,Jacinda Zhang
1063,1,#1256,ISRO F 19 (S),Cleveland Air Magic,Breeanna Townsend
1064,1,#1255,ISRO F 19 (S),Cleveland Air Magic,Chloe Mol
1065,1,#1257,ISRO F 19 (S),Northbridge Knockouts,Jacqueline Hunter
1066,1,#1254,ISRO F 19 (S),Bluebell Skippers,Riley Winstanley
1067,1,#1259,ISRO F 19 (S),St George Skipping,Bella Rigby
1068,1,#1258,ISRO F 19 (S),St George Skipping,Laura Madden
1069,1,#1264,ISRO F 20-24,King's Skipperoos,Jordan Smith
1070,1,#1265,ISRO F 20-24,Skipz,Serina Choy
1071,1,#1262,ISRO F 20-24,Jazzy Jumpers,Phoebe Bruhn
1072,1,#1261,ISRO F 20-24,Bluebell Skippers,Ella Winstanley
1073,1,#1260,ISRO F 20-24,Bluebell Skippers,Charlotte Garbutt
1074,1,#1263,ISRO F 20-24,King's Skipperoos,Jasmine Hawkins
1075,1,#1344,ISRO F 25-29,Cleveland Air Magic,Belle Charlesworth
1076,1,#1345,ISRO F 25-29,Cleveland Air Magic,Jaymee Gilbert
1077,1,#1348,ISRO F 30-39 (S),Cleveland Air Magic,Sheree Bennett
1078,1,#1347,ISRO F 30-39 (S),Cleveland Air Magic,Jackalyn Robba
1079,1,#1349,ISRO F 30-39 (S),Skipz,Ella Leyden
1080,1,#1346,ISRO F 30-39 (S),Cleveland Air Magic,Nicole Brown
1081,1,#1393,ISRO F 40-49 (S),St Lukes Leapers,Shanna Bailey
1082,1,#1391,ISRO F 40-49 (S),Hot Shots,Donna Lange
1083,1,#1392,ISRO F 40-49 (S),Hot Shots,Taryn Hodgson
1084,1,#1355,ISRO F 50+,Cleveland Air Magic,Sharon Landy
1085,1,#1353,ISRO F 50+,Cleveland Air Magic,Lisa Zambelli
1086,1,#1354,ISRO F 50+,Cleveland Air Magic,Carolyn Barker
1087,1,#1352,ISRO F 50+,Cleveland Air Magic,Luisa Southby
1088,1,#1284,ISRO M 11 (S),St Lukes Leapers,Eli Simpson
1089,1,#1283,ISRO M 11 (S),Cleveland Air Magic,Nate Daunis
1090,1,#1390,ISRO M 12 (S),St Lukes Leapers,Zachary Harradine
1091,1,#1384,ISRO M 12 (S),Hot Shots,Jack Johnson
1092,1,#1385,ISRO M 12 (S),Northbridge Knockouts,Alfie Newham
1093,1,#1388,ISRO M 12 (S),St Lukes Leapers,Daniel Cook
1094,1,#1386,ISRO M 12 (S),Skipz,Harry Wilkerson
1095,1,#1389,ISRO M 12 (S),St Lukes Leapers,Oliver Hallett
1096,1,#1387,ISRO M 12 (S),St George Skipping,Owen Hales
1097,1,#1301,ISRO M 13-14 (S),St George Skipping,Kaden Donnelly
1098,1,#1299,ISRO M 13-14 (S),St George Skipping,Ayden Koh
1099,1,#1296,ISRO M 13-14 (S),Earnshaw Eagles,Lewis Trebilco
1100,1,#1295,ISRO M 13-14 (S),Cleveland Air Magic,Joel Ng
1101,1,#1298,ISRO M 13-14 (S),Jazzy Jumpers,Dominic Julias
1102,1,#1300,ISRO M 13-14 (S),St George Skipping,Alfred Huang
1103,1,#1297,ISRO M 13-14 (S),Essington Hoppers,Flynn Naidoo
1104,1,#1314,ISRO M 15-16 (S),Jazzy Jumpers,Myles Harley
1105,1,#1311,ISRO M 15-16 (S),Cleveland Air Magic,Samuel Ng
1106,1,#1312,ISRO M 15-16 (S),Earnshaw Eagles,William Roddick
1107,1,#1313,ISRO M 15-16 (S),Jazzy Jumpers,Cameron Whyte
1108,1,#1331,ISRO M 17-18 (S),Cleveland Air Magic,Maverick Larkin
1109,1,#1334,ISRO M 17-18 (S),St George Skipping,Jesse Madden
1110,1,#1332,ISRO M 17-18 (S),Northbridge Knockouts,Nick Whitney
1111,1,#1333,ISRO M 17-18 (S),St George Skipping,Ethan Cheng
1112,1,#1343,ISRO M 20-39 (S),Northbridge Knockouts,Johnathan Fariel
1113,1,#1342,ISRO M 20-39 (S),Cleveland Air Magic,Luke Boon
1114,1,#1350,ISRO M 40+,Cleveland Air Magic,Craig Gilbert
1115,1,#1351,ISRO M 40+,Sunday Skippers,Simon George
