Code,Event,Division,Rank,Score,Entry,Club,Athletes
DDSF,Double Dutch Single Freestyle,Grand Championships · Female · 16+ (allow younger),1,10.54,#1551,Cleveland Air Magic,Emma Jackson / Chloe Mol / Gabrielle Mol
DDSF,Double Dutch Single Freestyle,Grand Championships · Female · 16+ (allow younger),2,7.02,#1550,Cleveland Air Magic,Ava Huston / Jasmine Johnson / Louisa Mol
DDSF,Double Dutch Single Freestyle,Grand Championships · Female · 16+ (allow younger),3,6.94,#1548,St George Skipping,Laura Madden / Serena Maskito / Rebekah Norman
DDSF,Double Dutch Single Freestyle,Grand Championships · Female · 16+ (allow younger),4,6.15,#1552,Jazzy Jumpers,Elodie Blot / Matisse Blot / Anabelle Julias
DDSF,Double Dutch Single Freestyle,Grand Championships · Female · 16+ (allow younger),5,5.16,#1549,Bluebell Skippers,Charlotte Garbutt / Ella Winstanley / Riley Winstanley
DDSF,Double Dutch Single Freestyle,Grand Championships · Female · 16+ (allow younger),6,1.8,#1547,Skipz,Ambrosia Borobokas / Mary-Jane Hudson / Erin van Wijngaarden
DDSF,Double Dutch Single Freestyle,Grand Championships · Mixed · 16+ (allow younger),1,15.96,#1558,Cleveland Air Magic,Luke Boon / Belle Charlesworth / Maverick Larkin
DDSF,Double Dutch Single Freestyle,Grand Championships · Mixed · 16+ (allow younger),2,5.71,#1556,Jazzy Jumpers,Grace Bucklar / Kate Cheney / Myles Harley
DDSF,Double Dutch Single Freestyle,Grand Championships · Mixed · 16+ (allow younger),3,4.84,#1557,Jazzy Jumpers,Wing Tsz Vangie Lam / Cameron Whyte / Matilda Whyte
DDSF,Double Dutch Single Freestyle,Grand Championships · Mixed · 16+ (allow younger),4,3.93,#1555,Cleveland Air Magic,Ema Gould / Samuel Ng / Breeanna Townsend
DDSF,Double Dutch Single Freestyle,Grand Championships · Mixed · 16+ (allow younger),5,3.88,#1554,Earnshaw Eagles,Isabella Roddick / William Roddick / Lillie Templeton
DDSF,Double Dutch Single Freestyle,Grand Championships · Mixed · 16+ (allow younger),6,0.84,#1559,St George Skipping,Ethan Cheng / Jesse Madden / Belinda Norman
SRIF,Single Rope Individual Freestyle,Grand Championships · Mixed · 16+ (allow younger),1,19.77,#1545,Cleveland Air Magic,Luke Boon
SRIF,Single Rope Individual Freestyle,Grand Championships · Mixed · 16+ (allow younger),2,18.66,#1546,Cleveland Air Magic,Maverick Larkin
SRIF,Single Rope Individual Freestyle,Grand Championships · Mixed · 16+ (allow younger),3,12.23,#1543,Northbridge Knockouts,Nick Whitney
SRIF,Single Rope Individual Freestyle,Grand Championships · Mixed · 16+ (allow younger),4,6.78,#1544,Northbridge Knockouts,Johnathan Fariel
SRIF,Single Rope Individual Freestyle,Grand Championships · Mixed · 16+ (allow younger),5,3.71,#1542,St George Skipping,Ethan Cheng
SRIF,Single Rope Individual Freestyle,Grand Championships · Mixed · 16+ (allow younger),6,1.66,#1539,St George Skipping,Jesse Madden
SRIF,Single Rope Individual Freestyle,Grand Championships · Female · 16+ (allow younger),1,14.13,#1537,Cleveland Air Magic,Chloe Mol
SRIF,Single Rope Individual Freestyle,Grand Championships · Female · 16+ (allow younger),2,13.66,#1538,Cleveland Air Magic,Jaymee Gilbert
SRIF,Single Rope Individual Freestyle,Grand Championships · Female · 16+ (allow younger),3,12.23,#1536,Cleveland Air Magic,Emma Jackson
SRIF,Single Rope Individual Freestyle,Grand Championships · Female · 16+ (allow younger),4,10.46,#1535,King's Skipperoos,Jasmine Hawkins
SRIF,Single Rope Individual Freestyle,Grand Championships · Female · 16+ (allow younger),5,10.4,#1533,Cleveland Air Magic,Louisa Mol
SRIF,Single Rope Individual Freestyle,Grand Championships · Female · 16+ (allow younger),6,10.25,#1534,Northbridge Knockouts,Jacqueline Hunter
SRTF,Single Rope Team Freestyle,Grand Championships · Mixed · 16+ (allow younger),1,8.42,#1532,Cleveland Air Magic,Ben Cooper / Jaymee Gilbert / Maverick Larkin / Chloe Mol
SRTF,Single Rope Team Freestyle,Grand Championships · Mixed · 16+ (allow younger),2,3.32,#1531,Cleveland Air Magic,Ema Gould / Ava Huston / Samuel Ng / Breeanna Townsend
SRTF,Single Rope Team Freestyle,Grand Championships · Mixed · 16+ (allow younger),3,3.04,#1529,Jazzy Jumpers,Georgia Dawson / Wing Tsz Vangie Lam / Cameron Whyte / Matilda Whyte
SRTF,Single Rope Team Freestyle,Grand Championships · Mixed · 16+ (allow younger),4,2.33,#1530,Northbridge Knockouts,Johnathan Fariel / Charlotte Flinders / Nick Whitney / Kimberly Wong
SRTF,Single Rope Team Freestyle,Grand Championships · Mixed · 16+ (allow younger),5,0.72,#1528,St George Skipping,Ethan Cheng / Jesse Madden / Belinda Norman / Jacinda Zhang
SRTF,Single Rope Team Freestyle,Grand Championships · Female · 16+ (allow younger),1,8.04,#1527,Cleveland Air Magic,Emma Jackson / Jasmine Johnson / Gabrielle Mol / Louisa Mol
SRTF,Single Rope Team Freestyle,Grand Championships · Female · 16+ (allow younger),2,3.82,#1525,Hot Shots,Alyse Plint / Isabella Roddick / Jessica Stewart / Lillie Templeton
SRTF,Single Rope Team Freestyle,Grand Championships · Female · 16+ (allow younger),3,1.57,#1523,St George Skipping,Laura Madden / Jacqueline Maskito / Serena Maskito / Rebekah Norman
SRTF,Single Rope Team Freestyle,Grand Championships · Female · 16+ (allow younger),4,1.31,#1526,Bluebell Skippers,Charlotte Garbutt / Jacqueline Hunter / Ella Winstanley / Riley Winstanley
SRTF,Single Rope Team Freestyle,Grand Championships · Female · 16+ (allow younger),5,0.99,#1524,Jazzy Jumpers,Matisse Blot / Phoebe Bruhn / Kate Cheney / Violet Nichols
SRTF,Single Rope Team Freestyle,Grand Championships · Female · 16+ (allow younger),6,0.32,#1522,Skipz,Gabriela Fromberg / Yvette Hoyne / Mary-Jane Hudson / Erin van Wijngaarden
